,corrected Ag,corrected Ag 2-Sigma,corrected Al,corrected Al 2-Sigma,corrected As,corrected As 2-Sigma,corrected Au,corrected Au 2-Sigma,corrected Ba,corrected Ba 2-Sigma,corrected Bal,corrected Bal 2-Sigma,corrected Bi,corrected Bi 2-Sigma,corrected Ca,corrected Ca 2-Sigma,corrected Cd,corrected Cd 2-Sigma,corrected Cl,corrected Cl 2-Sigma,corrected Co,corrected Co 2-Sigma,corrected Cr,corrected Cr 2-Sigma,corrected Cu,corrected Cu 2-Sigma,corrected Fe,corrected Fe 2-Sigma,corrected Fe,corrected Fe 2-Sigma,corrected Hf,corrected Hf 2-Sigma,corrected Hg,corrected Hg 2-Sigma,corrected K,corrected K 2-Sigma,corrected Mg,corrected Mg 2-Sigma,corrected Mn,corrected Mn 2-Sigma,corrected Mo,corrected Mo 2-Sigma,corrected Nb,corrected Nb 2-Sigma,corrected Ni,corrected Ni 2-Sigma,corrected P,corrected P 2-Sigma,corrected Pd,corrected Pb 2-Sigma,corrected Pb,corrected Pd,corrected Rb,corrected Rb 2-Sigma,corrected Re,corrected Re 2-Sigma,corrected S,corrected S 2-Sigma,corrected Sb,corrected Sb 2-Sigma,corrected Se,corrected Se 2-Sigma,corrected Si,corrected Si 2-Sigma,corrected Sn,corrected Sn 2-Sigma,corrected Sr,corrected Sr 2-Sigma,corrected Ta,corrected Ta 2-Sigma,corrected Th,corrected Th 2-Sigma,corrected Ti,corrected Ti 2-Sigma,corrected U,corrected U 2-Sigma,corrected V,corrected V 2-Sigma,corrected W,corrected W 2-Sigma,corrected Y,corrected Y 2-Sigma,corrected Zn,corrected Zn 2-Sigma,corrected Zr,corrected Zr 2-Sigma
0,0.0,4.858999559570767,14698.7607,6785.751928271495,2.4294,4.469175352412573,0,6.74715894466942,364.9324437281883,66.90962230196226,0.0,21397.94820049072,0,2.0333,261489.79359209628,1774.4771701745635,3.3286,2.5328,5631.536501461227,1890.5299443695487,0,72.29250055320493,107.6889,20.5232078499893,38.52751583561628,11.454129009085058,12444.497507310338,796.9118689244949,12444.497507310338,796.9118689244949,0,0.0,0,3.1844,8302.22943779212,1390.2238507300149,825.7903309335197,3004.4838344194713,233.80221629207813,56.49179156318813,0.0,1.7116,6.275114638594236,2.9340131979158803,109.81788288697967,19.538149831599853,8667.4043,424.0165315997828,0.0,1.8591667274636554,3.7239302726549153,6.197129894001628,65.52631592735871,5.908276448640164,0.0,0.0,23688.703601808116,480.5665311342349,0.0,12.236563550295417,0.0,1.608346992303745,117152.55553638324,12854.726180410747,17.1306,10.036693690684121,974.0791,6.807542116435128,0,0.0,0.0,4.224994674810752,1547.971737202202,194.54395757551927,9.6155,3.093366508041913,163.83703933657665,26.666242648996946,0,11.2933,30.887191848380542,4.036212267937042,134.52643330830222,15.248257529569525,30.792439463573224,22.546527979462216
1,0.0,5.405299559570768,13792.6719,6761.686828271495,2.2889,4.381675352412573,0,6.81185894466942,293.49193462391565,64.23852230196226,0.0,21319.13960049072,0,1.8642,223132.50983483187,1751.2249701745636,6.6771,2.3945,9930.352130128977,1899.5221443695489,0,68.46560055320494,133.1512,20.3728078499893,44.44566160613175,11.349429009085059,11254.75620074126,788.0860689244948,11254.75620074126,788.0860689244948,0,0.0,0,3.1482,7079.465876075072,1379.4792507300149,1357.5237946481875,2955.560034419472,212.55169377277255,74.43159156318814,0.0,1.9123,6.275114638594236,2.8643131979158802,101.90451169207103,18.98154983159985,8452.9873,420.7349315997828,0.0,1.7753667274636553,2.4803470404168615,6.197129894001628,63.79455053669225,5.847676448640165,0.0,0.0,22072.448235600805,477.9491311342349,0.0,11.021463550295415,0.0,1.597146992303745,132867.18398783918,12872.265980410748,7.3711,9.71529369068412,959.9452,6.6583421164351275,0,0.0,3.5022,3.285694674810752,1352.8904370972573,191.47445757551927,16.0045,3.070166508041913,198.22480691244533,26.238042648996945,0,11.0114,26.924844090478462,3.9413122679370427,187.30633155922683,15.636857529569525,26.227091568615997,22.435027979462216
2,2.6961,4.110999559570768,7428.1079,6739.155528271494,2.2831,4.265275352412573,0,6.60325894466942,357.92009915978167,67.12602230196227,0.0,21540.32490049072,0,1.9591,304258.9253515415,1797.9730701745636,4.4248,2.5656,10470.712538631878,1901.2194443695487,0,58.42780055320493,54.4387,20.0690078499893,21.02310695585613,10.88182900908506,6659.47965096844,765.2584689244949,6659.47965096844,765.2584689244949,0,0.0,0,2.8082,4565.798117248554,1364.217350730015,12134.54884595169,3241.4063344194715,248.8512507092763,56.40329156318813,0.0,1.6302,6.275114638594236,2.83661319791588,60.9936230354355,18.02814983159985,8398.582,423.0412315997828,0.0,2.2441667274636554,-2.636493114017924,6.197129894001628,56.213397372332516,5.705476448640164,0.0,0.0,13883.28217431501,466.02693113423487,0.0,11.569363550295417,0.0,1.4561469923037451,107487.80750488279,12840.449480410747,8.8365,10.02569369068412,1010.657,6.825642116435128,0,0.0,0.0,4.616694674810752,778.6037350440804,189.79985757551927,10.8177,3.090866508041913,123.83897871799111,25.150942648996946,0,0.0,20.672838603648493,3.8514122679370426,90.59532577964592,14.502457529569526,14.69068938363802,22.478327979462215
3,2.3606,3.8675995595707677,13180.0732,6737.255028271495,0.0,5.608975352412573,0,6.18705894466942,227.52963437192807,61.60452230196226,0.0,21251.57450049072,0,1.7222,144187.0128047268,1705.1420701745635,6.0085,2.2173,11448.368874415455,1901.9412443695487,0,65.47230055320493,104.4974,19.678107849989303,42.717230476117095,11.099429009085059,10819.338340941144,783.0669689244949,10819.338340941144,783.0669689244949,0,0.0,0,2.5359,6222.1196068456575,1372.988950730015,744.9283995541568,2833.2577344194715,212.55169377277255,62.136991563188126,0.0,1.5091,6.275114638594236,2.76731319791588,111.38527719893756,18.734449831599854,12345.6367,452.2884315997828,0.0,1.6622667274636553,2.6098603335310675,6.197129894001628,61.74474863041212,5.698576448640164,0.0,0.0,15293.583944770544,467.95133113423486,0.0,13.796563550295417,0.0,1.438746992303745,195392.92677161956,12927.168680410747,6.1784,9.43779369068412,748.3215,6.222842116435128,0,0.0,2.0806,3.174294674810752,1282.8903911166808,189.63975757551927,16.0167,2.829366508041913,131.7782521521903,24.831542648996944,0,0.0,25.450073067502295,3.865812267937043,113.59631841101393,14.393557529569525,24.82477745086239,22.192427979462217
4,3.0275,3.852999559570768,14050.1416,6728.172728271495,2.8376,4.323875352412573,0,6.55685894466942,209.31226698773727,61.093022301962264,0.0,21147.11030049072,0,1.7038,152020.56158328187,1703.5778701745635,8.5672,2.2068,9470.90845920396,1896.7034443695488,0,66.44140055320493,146.1269,19.987907849989302,56.84338337428134,11.340129009085059,11276.239205971226,783.9183689244949,11276.239205971226,783.9183689244949,0,0.0,0,2.7893,7294.788161168448,1377.885750730015,1085.2373206380662,2809.795234419472,212.55169377277255,62.507491563188125,6.9118,1.077,6.275114638594236,2.75481319791588,121.23859822986876,18.937349831599853,5317.4438,382.7539315997828,0.0,1.7023667274636554,2.3292126959028336,6.197129894001628,67.01940815000046,5.776676448640164,0.0,0.0,25601.78666782767,479.1734311342349,0.0,12.980363550295415,0.0,1.632946992303745,152572.4682324497,12883.527380410747,5.2019,9.38259369068412,698.0676,6.110442116435128,0,0.0,1.4828,3.154194674810752,1390.8238268074049,189.18285757551928,16.6783,2.790366508041913,244.78940406600225,26.069942648996943,0,10.1032,27.48256173050093,3.898712267937043,186.51102404782233,15.243657529569525,21.952212795233443,22.122227979462217
5,2.0272,3.862499559570768,14450.1826,6731.554928271495,4.9824,4.320575352412573,0,6.65635894466942,197.54983493849883,61.523222301962264,0.0,21176.84200049072,0,1.7699,151633.71660193667,1701.6549701745635,11.1249,2.2705,10216.188102296846,1898.1677443695487,0,67.39580055320494,145.8255,19.941907849989303,61.928806479802866,11.52952900908506,11476.88940947589,786.3621689244949,11476.88940947589,786.3621689244949,0,0.0,0,2.5058,7377.280507437428,1377.782150730015,2011.7777926285703,2828.2917344194716,212.55169377277255,62.713791563188124,6.9071,1.0998,6.275114638594236,2.78511319791588,109.75684902117092,18.821549831599853,5706.3652,386.7744315997828,0.0,2.2804667274636556,-2.636493114017924,6.197129894001628,66.73565939954645,5.806176448640165,0.0,0.0,25856.436530781793,479.58423113423487,0.0,10.593963550295417,0.0,1.674246992303745,153570.50952237673,12884.313080410748,0.0,12.83819369068412,697.8172,6.156842116435128,0,0.0,3.0276,3.210094674810752,1407.9643738904213,189.32845757551928,17.7826,2.8402665080419127,241.91961649937366,26.012142648996946,0,0.0,27.458755902849983,3.911512267937043,173.54550135597626,15.195057529569524,21.543775763417273,22.152427979462217
6,2.1898,3.955199559570768,13113.0186,6756.549128271495,3.1838,4.366075352412573,0,6.82865894466942,517.5757843158684,65.08672230196227,0.0,21385.724300490718,0,1.7932,218572.63275562786,1745.0657701745636,10.4025,2.399,15206.437903364289,1908.6844443695488,0,63.43340055320493,146.8725,20.4034078499893,73.03043164932154,11.87502900908506,9184.825286929923,777.3622689244949,9184.825286929923,777.3622689244949,0,0.0,0,2.5818,6741.130234356001,1375.305150730015,10701.067542537494,3094.8699344194715,212.55169377277255,65.64309156318812,0.0,1.5889,6.275114638594236,2.8079131979158802,115.80701338432286,19.06654983159985,6284.501,396.8300315997828,0.0,1.7255667274636552,1.6552323350256146,6.197129894001628,65.66253398758488,5.7963764486401645,0.0,0.0,24655.852835152684,480.2175311342349,0.0,10.989363550295415,0.0,1.6006469923037452,114327.65342147968,12844.896680410748,8.9974,9.68479369068412,695.5145,6.206442116435128,0,0.0,3.459,3.241094674810752,1176.419743419479,191.97115757551927,14.3199,2.836866508041913,218.476428845079,26.290842648996943,0,0.0,24.10226645866451,3.8897122679370426,199.37226471210673,15.654957529569526,28.383663651937944,22.219027979462215
7,0.0,4.891199559570768,13104.2549,6753.386928271495,2.8289,4.352775352412573,0,6.58935894466942,528.5615601588203,65.32922230196226,0.0,21365.473300490718,0,1.7447,219166.89005146283,1752.0078701745635,8.0738,2.3898,16050.986385563241,1909.7003443695487,0,63.30490055320493,144.8832,20.5635078499893,68.29158160986732,11.789529009085058,9092.553275692828,777.0004689244948,9092.553275692828,777.0004689244948,0,0.0,0,2.5495,6711.043944049918,1377.079350730015,8884.425981143935,3064.6637344194714,212.55169377277255,80.12939156318814,0.0,1.5911,6.275114638594236,2.80921319791588,114.28417121913677,19.04654983159985,6398.0811,396.62793159978276,0.0,1.7252667274636553,1.4490335394095761,6.197129894001628,65.44753570502756,5.7811764486401644,0.0,0.0,25381.424253929476,480.64003113423485,0.0,11.042163550295417,0.0,1.5964469923037452,115292.57248674036,12844.540480410747,8.067,9.702193690684119,696.1043,6.210742116435128,0,0.0,3.8702,3.230694674810752,1165.6116078456998,193.2079575755193,12.5278,2.813566508041913,216.0862429503892,26.524242648996946,0,0.0,24.938710664100142,3.9004122679370425,200.30075168039727,15.674057529569525,30.287111181975014,22.230727979462216
8,2.8863,4.186599559570768,12342.8047,6806.913428271495,2.8542,4.502675352412573,0,7.14485894466942,554.9138996454378,69.63342230196227,0.0,21663.11250049072,0,2.3069,334063.4019880561,1817.9333701745636,0.0,5.1716,11519.07762880574,1905.1112443695488,0,64.36840055320494,132.6268,21.542507849989303,44.5547026231381,11.75192900908506,8403.587763193998,779.2710689244949,8403.587763193998,779.2710689244949,0,0.0,0,3.5637,6912.614810845129,1386.333850730015,2059.783773241364,3229.3750344194714,212.55169377277255,66.45049156318812,0.0,1.8571,6.275114638594236,3.01361319791588,87.08152316006216,19.14124983159985,27734.5996,556.2350315997828,0.0,1.8844667274636553,1.846307045426014,6.197129894001628,62.246586227289875,6.115076448640164,0.0,0.0,14818.372270963513,472.79013113423485,0.0,11.903163550295417,0.0,1.6116469923037453,101036.261348713,12834.159680410747,19.5557,10.24819369068412,1421.1497,7.544442116435128,0,0.0,0.0,4.4476946748107515,1094.6166333463088,195.0941575755193,28.0691,3.692866508041913,243.17226798989037,28.117442648996946,0,12.174,32.796551480584554,4.100012267937043,138.9731822968304,15.568257529569525,32.16160388235178,22.937627979462217
9,2.2319,3.8252995595707677,14323.5098,6737.7891282714945,3.0719,4.174875352412573,0,6.18865894466942,181.10235801804245,60.56622230196227,0.0,21189.20390049072,0,1.6682,151505.5755242316,1700.8739701745635,8.4105,2.1788,5995.208161095064,1889.9180443695489,0,64.16790055320493,111.9009,19.5370078499893,39.02354160798711,10.90302900908506,10264.400846832857,779.1671689244948,10264.400846832857,779.1671689244948,0,0.0,0,2.4133,6681.405654197282,1373.406350730015,955.3409583698326,2797.2082344194714,212.55169377277255,60.92249156318813,4.9459,1.0467,6.275114638594236,2.74011319791588,92.72110386616308,18.21614983159985,5073.2529,382.8425315997828,0.0,2.0670667274636556,-2.636493114017924,6.197129894001628,64.03077457863412,5.6919764486401645,0.0,0.0,16690.74764456121,468.3618311342349,0.0,10.668763550295417,0.0,1.4414469923037452,191786.98989803565,12921.750280410748,0.0,12.98049369068412,677.2908,6.062142116435128,0,0.0,2.4808,3.147694674810752,1268.9530817382683,188.16295757551927,14.4345,2.724566508041913,120.1950842429191,24.381542648996945,0,0.0,25.33302774821847,3.8512122679370426,118.99574025976712,14.353357529569525,19.864088701461853,22.085727979462217
10,0.0,5.8512995595707675,8165.6177,6789.836228271495,3.5689,4.4707753524125735,0,7.4602589446694205,1045.9418121453446,72.94822230196226,0.0,21950.78340049072,0,2.1897,269230.2189809798,1788.5873701745636,0.0,3.9175,11153.750600618294,1907.4248443695487,0,64.16640055320494,58.2715,20.528507849989303,36.21286326759245,11.68682900908506,7854.12393276481,778.5429689244949,7854.12393276481,778.5429689244949,0,0.0,0,3.2606,4698.859670905922,1368.6823507300148,1857.0601478958515,3374.4222344194714,212.55169377277255,83.62289156318812,0.0,1.9028,6.275114638594236,3.13311319791588,53.439673494733974,18.46864983159985,93152.125,780.4296315997829,0.0,2.5756667274636555,-2.636493114017924,6.197129894001628,55.369440186693225,6.261576448640165,0.0,0.0,11853.49360638582,484.0364311342349,0.0,11.998163550295416,0.0,1.586446992303745,141251.2814402812,12901.570480410748,28.9564,10.37179369068412,2140.3257,8.543942116435128,0,0.0,3.0177,3.488994674810752,911.1227498496125,197.1216575755193,39.6395,4.306366508041913,123.72861853604176,26.205442648996943,0,0.0,30.60363799013815,4.104412267937043,101.99358173397047,15.234357529569525,34.760069638122125,23.476927979462218
11,2.6803,4.218999559570768,7999.2197,6791.981228271495,0.0,6.601375352412573,0,7.42495894466942,1026.7664995791347,73.06862230196226,0.0,21970.673900490718,0,2.3693,274384.490963942,1797.2645701745637,0.0,3.9,10911.528704841729,1907.2207443695488,0,63.96750055320493,48.6344,20.5218078499893,36.92112599173349,11.679829009085058,7666.144886499963,776.9789689244949,7666.144886499963,776.9789689244949,0,0.0,0,3.2082,4472.296918960969,1368.3798507300148,2270.855172356605,3402.9081344194715,239.7154513672868,57.928291563188125,0.0,1.8889,6.275114638594236,3.10541319791588,51.57200286407142,18.42894983159985,95710.5938,788.0791315997828,0.0,1.9663667274636554,2.4032355073455745,6.197129894001628,56.17263691681107,6.250976448640165,0.0,0.0,11538.537349724418,484.4867311342349,0.0,12.038863550295417,0.0,1.5998469923037453,139654.50713172104,12900.976880410748,19.7393,10.35389369068412,2140.3545,8.522842116435129,0,0.0,0.0,4.542494674810753,838.6485748795674,197.9837575755193,36.9275,4.261866508041913,118.41959610496808,26.285942648996944,0,0.0,29.505395807841126,4.090812267937043,99.26654389273281,15.164757529569526,32.91289474523407,23.455427979462215
12,2.2777,3.712399559570768,6113.0615,6661.7999282714945,1.285,4.031675352412573,0,5.7308589446694205,94.69690855712747,57.83602230196227,0.0,21049.559400490718,0,1.541,132351.4575323542,1668.9118701745635,3.5224,1.9584,7445.611118734111,1891.9232443695487,0,52.69040055320493,74.8805,18.640407849989302,19.218085093008913,10.284929009085058,5687.816168447547,752.3665689244948,5687.816168447547,752.3665689244948,0,0.0,0,2.2774,3286.6988021604793,1339.9331507300149,-217.28517657356815,2695.0383344194715,212.55169377277255,58.80399156318813,0.0,1.3397,6.275114638594236,2.6547131979158802,73.9605296454797,17.474249831599852,1680.6279,330.4383315997828,0.0,1.8699667274636553,-2.636493114017924,6.197129894001628,56.7547708616903,5.4541764486401645,0.0,0.0,11247.244396674494,457.0794311342349,0.0,9.902963550295416,0.0,1.9274469923037452,204907.9266260381,12919.301580410747,0.0,10.748493690684121,557.3824,5.796242116435128,0,0.0,1.2417,3.0486946748107524,748.9008909864469,181.92095757551928,10.6933,2.5269665080419133,147.45161787771173,23.358442648996945,0,0.0,22.14886604530624,3.756212267937043,73.53170786611963,13.538057529569524,8.745434111901062,21.890627979462217
13,0.0,6.152299559570768,18241.6504,6823.680828271495,0.0,6.418575352412573,0,7.26495894466942,662.0724886249295,68.05912230196228,0.0,21592.63650049072,0,1.9227,213443.2487785541,1751.1307701745636,0.0,3.8581,13000.563080470516,1907.8753443695487,0,72.21160055320493,150.6696,20.664207849989303,40.037764154338205,11.51692900908506,12074.779624486724,796.2315689244948,12074.779624486724,796.2315689244948,0,0.0,0,3.0011,9212.974838442135,1394.967050730015,4168.6541484666395,3120.6191344194713,212.55169377277255,79.91789156318814,0.0,1.7526,6.275114638594236,2.94071319791588,104.69807722654966,19.48404983159985,28879.8984,563.1834315997828,0.0,1.8768667274636555,4.303438354755571,6.197129894001628,68.64790205750742,6.025276448640165,0.0,0.0,22048.920845983932,483.99573113423486,0.0,12.548863550295415,0.0,1.594046992303745,146959.64327041354,12897.648780410747,11.7137,9.95449369068412,1030.9774,6.922742116435128,0,0.0,3.516,3.3417946748107523,1561.1938573081106,195.90895757551928,14.1061,3.213866508041913,109.72016934854894,25.779842648996947,0,0.0,28.24983678115076,4.021712267937042,143.27827106117078,15.400057529569526,33.593486713080054,22.617927979462216
14,0.0,5.845299559570767,5669.3027,6729.114828271495,1.9017,4.315375352412573,0,7.27645894466942,359.86257989157974,68.70632230196227,0.0,21501.11160049072,0,2.0326,363305.0068984826,1833.4077701745637,0.0,3.9391,7227.780470274682,1894.5407443695487,0,58.11300055320493,73.9106,20.7555078499893,19.745754931313193,11.142129009085059,5966.390998826682,763.8690689244949,5966.390998826682,763.8690689244949,0,0.0,0,2.9981,4214.790742995664,1365.538550730015,2672.2124970879113,3143.2720344194713,347.68611272448834,61.83569156318813,0.0,1.7141,6.275114638594236,2.93471319791588,51.97400229245736,18.231649831599853,5044.3525,388.1027315997828,0.0,2.3483667274636555,-2.636493114017924,6.197129894001628,55.852617775320816,5.774876448640164,0.0,0.0,11589.733515435984,461.77063113423486,0.0,11.887763550295418,0.0,1.528546992303745,96490.71421765577,12823.187380410747,21.5555,10.28019369068412,1043.8666,7.072442116435129,0,0.0,0.0,5.0147946748107515,695.7363069918147,191.00015757551927,8.1304,3.227966508041913,104.51749015793604,25.283542648996946,0,0.0,19.846115111170324,3.8916122679370426,69.7186083061091,14.541957529569526,6.157609000246166,22.592927979462218
15,0.0,5.8169995595707675,5954.2153,6731.077428271495,0.0,4.989375352412573,0,6.97455894466942,374.37014615295834,68.92722230196227,0.0,21497.780900490718,0,2.112,363170.21073869197,1829.6591701745635,0.0,3.9422,7705.076590560337,1895.3585443695488,0,57.26270055320493,83.8094,20.804607849989303,28.869323648151116,11.29272900908506,5994.157677151211,763.0072689244948,5994.157677151211,763.0072689244948,0,0.0,0,3.0105,4377.415187889205,1366.119450730015,3387.6201767342245,3150.1346344194717,323.9314658260996,60.573191563188125,0.0,1.6872,6.275114638594236,2.9195131979158804,47.511147651766294,17.928649831599852,4299.4463,377.9833315997828,0.0,1.8341667274636553,2.278515058137733,6.197129894001628,54.67062287772472,5.735176448640164,0.0,0.0,11642.19547091221,461.3835311342349,0.0,11.958763550295416,0.0,1.523546992303745,97781.71169892931,12824.337880410747,18.0437,10.27779369068412,1046.4338,7.019242116435128,0,0.0,0.0,3.899494674810752,667.8496385682344,191.25405757551928,9.7291,3.210266508041913,103.83196738021441,25.213142648996943,0,0.0,20.952887715042273,3.894212267937043,70.9274840995104,14.469157529569525,7.792482580253821,22.566427979462215
16,0.0,4.844899559570768,14721.4209,6755.263528271495,0.0,5.879175352412573,0,6.78655894466942,436.55483490189795,65.27472230196227,0.0,21233.34040049072,0,1.9304,231232.88466087205,1756.9345701745635,0.0,4.0016,6945.176245745742,1892.0044443695488,0,65.36910055320493,128.5018,20.225407849989303,50.558509081689984,11.538429009085059,9742.505767467856,782.0696689244949,9742.505767467856,782.0696689244949,0,0.0,0,3.0413,8484.375584196527,1388.8065507300148,731.4437178887833,2899.2594344194717,212.55169377277255,65.55899156318813,0.0,1.6387,6.275114638594236,2.84551319791588,100.8056445806535,18.963749831599852,3653.8542,363.0931315997828,0.0,1.7842667274636554,3.205451069628636,6.197129894001628,65.77507716234365,5.841976448640165,0.0,0.0,23685.47516075666,477.85383113423484,0.0,11.117563550295417,0.0,1.5629469923037451,104909.1341190788,12828.883680410747,5.965,9.74609369068412,737.272,6.339442116435128,0,0.0,2.8399,3.298594674810752,1165.7245215333123,190.16825757551928,13.3772,2.913866508041913,126.93974042021283,25.053142648996946,0,10.9381,26.299544350846922,3.944112267937043,202.59527038924787,15.890857529569526,24.17395882376253,22.278127979462216
17,0.0,5.343299559570768,17842.9141,6787.808328271495,1.6959,4.384875352412573,0,6.63125894466942,470.1344165759201,65.52592230196227,0.0,21391.721000490717,0,1.8778,172920.8577102581,1734.6564701745635,0.0,3.5248,17947.51918716738,1914.3969443695487,0,72.31030055320493,125.5154,20.2351078499893,43.37449989655646,11.416429009085059,12621.645128586284,796.0710689244949,12621.645128586284,796.0710689244949,0,0.0,0,3.1908,8627.572786068971,1393.350050730015,1336.18862436758,2954.0058344194717,212.55169377277255,65.97899156318813,2.0541,1.154,6.275114638594236,2.8875131979158803,89.48751077031218,18.95074983159985,20174.125,506.38603159978277,0.0,1.7863667274636554,2.586109129283973,6.197129894001628,69.30660034873809,5.993476448640164,0.0,0.0,18124.001830394893,474.22673113423485,0.0,11.134863550295417,0.0,1.538946992303745,148817.56463412286,12891.406180410748,0.0,15.04179369068412,910.0316,6.652642116435128,0,0.0,3.7989,3.312594674810752,1683.0573310266188,193.55755757551927,18.4414,3.128066508041913,97.6195559501571,25.374442648996947,0,10.7522,25.270272941438613,3.955912267937043,143.92595040102702,15.233257529569526,32.780500577105286,22.469427979462218
18,0.0,4.666299559570768,17563.248,6788.814028271495,2.2545,4.360975352412573,0,6.61095894466942,473.4203533977833,64.90182230196227,0.0,21382.97480049072,0,1.898,174843.34801312716,1723.7356701745634,0.0,4.0723,18162.852588656242,1915.1222443695488,0,71.20650055320493,128.1012,19.977207849989302,40.07978828011606,11.237229009085059,12696.088327150062,794.1564689244949,12696.088327150062,794.1564689244949,0,0.0,0,2.7448,8546.015681622517,1388.3216507300149,1235.4011794590006,2966.7964344194716,212.55169377277255,69.91799156318812,1.7295,1.1277,6.275114638594236,2.8608131979158804,94.47537683615984,18.82724983159985,21960.6328,519.3121315997828,0.0,1.7401667274636554,2.044411260222416,6.197129894001628,68.21166605213415,5.947876448640164,0.0,0.0,17694.06535729979,474.48513113423485,0.0,11.010363550295416,0.0,1.523546992303745,146724.08377878755,12890.582880410748,9.2211,9.69329369068412,921.5327,6.6019421164351275,0,0.0,2.5223,3.283794674810752,1646.1204279818492,191.99925757551927,20.3423,3.098966508041913,95.50442483844826,24.928742648996945,0,0.0,25.835859730045698,3.9386122679370428,140.97296816673898,15.025957529569526,32.03524623348079,22.428927979462216
19,0.0,6.584599559570768,6991.7915,6749.655328271495,2.5156,4.353175352412573,0,7.36855894466942,442.9743823124707,70.40502230196228,0.0,21553.25350049072,0,2.232,361672.3304751106,1829.5037701745637,0.0,4.0593,8368.914773738165,1897.6544443695489,0,59.92680055320493,72.8328,20.865207849989304,21.362524835040393,11.23832900908506,6507.089058993366,768.3345689244949,6507.089058993366,768.3345689244949,0,0.0,0,3.0254,5048.563686175375,1372.214550730015,1135.8484205993045,3170.8853344194713,313.1950104131507,60.75869156318812,0.0,1.7578,6.275114638594236,2.99481319791588,58.74867555494246,18.492649831599852,16600.4941,490.8365315997828,0.0,2.3903667274636553,-2.636493114017924,6.197129894001628,56.72957985055258,5.912376448640164,0.0,0.0,11364.279284457169,464.1475311342349,0.0,12.180863550295417,0.0,1.5550469923037453,87143.47313992037,12805.013080410747,25.4825,10.449693690684121,1329.8157,7.505442116435129,0,0.0,0.0,4.636694674810752,679.2653474252194,192.99535757551928,12.9297,3.502166508041913,181.54318887329111,26.774442648996946,0,0.0,22.94021143280314,3.960312267937043,89.69008239581191,14.929457529569525,19.716142822702793,22.878927979462215
20,0.0,5.7308995595707675,7038.4966,6793.267728271495,1.5137,4.594075352412573,0,7.88285894466942,685.6315544603766,72.75462230196226,0.0,22023.21360049072,0,2.4434,308524.24334616226,1802.0599701745637,0.0,4.1756,5936.149385494898,1895.7847443695487,0,61.80770055320493,42.4378,20.4275078499893,33.194583730309546,11.70812900908506,6701.406025890284,771.2746689244948,6701.406025890284,771.2746689244948,0,0.0,0,3.4225,4703.135155525358,1369.655350730015,1748.4945219528017,3464.5405344194714,212.55169377277255,92.18149156318813,20.7312,1.5384,6.275114638594236,3.26491319791588,51.928935091965656,18.58794983159985,106569.7656,813.2330315997827,0.0,2.0494667274636553,3.8074322642680225,6.197129894001628,55.57889877930128,6.449276448640164,0.0,0.0,4375.151932702925,475.6836311342349,0.0,12.309963550295416,0.0,1.6669469923037452,108833.16967463397,12857.767080410747,22.1862,10.54809369068412,2157.8584,8.616142116435128,0,0.0,0.0,4.225394674810753,915.8932752439093,195.28435757551927,64.0623,4.611966508041913,121.4450930087723,26.124442648996947,0,0.0,44.35580173299706,4.297712267937043,89.91843490797268,15.158857529569525,51.33563532285209,23.580227979462215
21,0.0,5.960599559570768,7094.2598,6795.157128271495,2.2,4.5908753524125725,0,7.88575894466942,703.0160205852865,73.79772230196227,0.0,22033.41880049072,0,2.3879,309680.11209625425,1808.1911701745635,0.0,4.2576,6593.215212591793,1897.5207443695488,0,61.88190055320493,45.1461,20.635507849989303,34.34273928183757,11.745629009085059,6863.979359950938,772.3739689244949,6863.979359950938,772.3739689244949,0,0.0,0,3.3908,4725.650284883561,1371.412850730015,1692.0022917316473,3471.1341344194716,212.55169377277255,88.10469156318813,20.2079,1.5363,6.275114638594236,3.2648131979158803,58.519219122724735,18.74284983159985,107101.1328,813.8861315997827,0.0,2.0213667274636555,2.79284046311183,6.197129894001628,54.67447150442631,6.434976448640164,0.0,0.0,4519.571555678764,475.8685311342349,0.0,12.520363550295416,0.0,1.643746992303745,108921.12540811162,12857.705080410748,20.1269,10.64549369068412,2154.0789,8.604142116435128,0,0.0,0.0,5.529494674810753,978.192233774143,196.66325757551928,64.9258,4.612366508041912,130.1450483101242,26.573842648996944,0,0.0,45.49927498783088,4.306012267937042,98.8189478406983,15.299457529569526,54.237768691455706,23.584227979462216
22,0.0,5.115299559570768,17144.1621,6728.038528271495,5.1021,4.393875352412573,0,6.3882589446694205,214.72938718843955,59.804922301962264,0.0,21055.92790049072,0,1.7044,121556.09353058023,1675.3593701745635,17.6861,2.1811,16037.670346529527,1906.8239443695488,0,69.05290055320494,136.851,19.659707849989303,64.94285337132396,11.54732900908506,12616.39967492943,789.7290689244949,12616.39967492943,789.7290689244949,0,0.0,0,2.4699,8054.412965064978,1379.4810507300149,2222.952764394873,2785.0900344194715,212.55169377277255,63.60299156318813,20.5066,1.1698,6.275114638594236,2.7850131979158803,130.46072092705626,19.193549831599853,3689.4224,358.8156315997828,0.0,1.6976667274636554,2.5242281890706884,6.197129894001628,74.50183820821168,5.913076448640164,0.0,0.0,27443.314522367993,479.33973113423485,0.0,10.224763550295418,0.0,1.5609469923037453,110398.70699846427,12828.382980410748,0.0,10.78879369068412,615.9184,5.983542116435128,0,0.0,3.8345,3.209694674810752,1554.7429227836333,189.3089575755193,18.9552,2.782766508041913,335.86868970610334,26.661742648996945,0,0.0,24.91715316461623,3.8979122679370426,184.99673593072873,15.234957529569526,34.933593988312566,22.127627979462215
23,1.7251,3.883199559570768,10146.5547,6715.305128271495,2.8278,4.338975352412573,0,6.47355894466942,410.4059265559877,63.197522301962266,0.0,21250.09660049072,0,1.7988,168635.83040499594,1715.4508701745635,10.4773,2.3016,33895.11493846682,1933.4013443695487,0,62.581600553204936,119.6586,19.9181078499893,41.51828317544748,11.205729009085058,8992.270929278791,775.7875689244948,8992.270929278791,775.7875689244948,0,0.0,0,2.66,6595.245964070388,1373.145650730015,3965.157423201016,2953.7640344194715,230.2532801077729,54.89679156318813,0.0,1.5695,6.275114638594236,2.77841319791588,141.9448737197803,19.51384983159985,8843.5518,418.9369315997828,0.0,1.6983667274636554,1.7416100329825404,6.197129894001628,67.74545740850904,5.856776448640165,0.0,0.0,14432.832515332322,464.3993311342349,0.0,10.703163550295416,0.0,1.5207469923037453,126631.59377297803,12856.265380410747,0.0,13.45659369068412,780.2482,6.317442116435128,0,0.0,3.6057,3.249394674810752,1094.2574286252748,188.1848575755193,17.6726,2.9189665080419127,358.2376626391632,27.069242648996944,0,0.0,23.234081149694273,3.878512267937043,163.50783269900575,15.140257529569524,25.261760056795968,22.251327979462218
24,2.1184,3.916599559570768,28486.5254,6834.833128271495,5.3234,4.5721753524125734,0,7.26225894466942,912.76054493009,66.55712230196227,0.0,21365.89450049072,0,1.8627,152254.13162658474,1713.8979701745636,14.6646,2.3783,13019.04292926013,1904.8904443695487,0,75.98770055320493,303.9616,21.5949078499893,132.06918872593565,13.077429009085058,16129.891330350085,803.9837689244948,16129.891330350085,803.9837689244948,0,0.0,0,3.2982,11655.61056040953,1406.4775507300149,4320.500636525463,2950.2608344194714,259.4538683358915,56.74349156318813,15.7184,1.1801,6.275114638594236,2.84191319791588,336.8567387857547,23.00524983159985,4321.6597,373.2106315997828,0.0,1.9556667274636554,7.683990923378028,6.197129894001628,80.94653855761085,6.083076448640164,0.0,0.0,36556.07143736768,494.2565311342349,0.0,12.743563550295416,0.0,1.9024469923037453,151711.64362358343,12888.433780410747,6.5381,9.59029369068412,658.4941,6.123842116435128,0,0.0,4.6221,3.304694674810752,2094.080085795169,196.68965757551928,20.8381,2.903866508041913,291.42916030899016,27.806542648996945,0,13.6207,24.825037837066873,3.944312267937043,473.23110840219806,18.256857529569526,39.86041684153796,22.229427979462216
25,2.456,3.913299559570768,29179.8027,6836.784728271495,5.9313,4.601775352412573,0,7.46925894466942,1475.2666279845166,69.37922230196227,0.0,21363.01370049072,0,1.8544,153006.02522513262,1718.3025701745637,12.7126,2.3393,12891.328480256963,1904.4381443695488,0,76.67330055320492,313.0295,21.772307849989303,130.96376274114579,13.158829009085059,16334.099322654984,805.8443689244948,16334.099322654984,805.8443689244948,0,0.0,0,3.2377,11680.568623627229,1408.287050730015,2919.1707397300515,2927.7997344194714,244.26534576582895,56.381191563188125,15.055,1.1883,6.275114638594236,2.87271319791588,355.7192078006927,23.40554983159985,4965.5737,379.7404315997828,0.0,1.9771667274636553,7.215463804620303,6.197129894001628,81.08619705685814,6.097576448640164,0.0,0.0,36060.769643704014,493.40243113423486,6.8645,8.722463550295416,0.0,1.944246992303745,152912.59406498892,12888.716380410748,10.3273,9.60739369068412,682.4174,6.194542116435128,0,0.0,5.8188,3.328994674810752,2140.2334257612015,197.37385757551928,18.3515,2.911166508041913,298.7105010109551,28.072742648996943,0,13.7003,25.67794773996108,3.966012267937043,489.6335405686839,18.502957529569528,38.64748572626223,22.264327979462216
26,0.0,5.864399559570767,12111.0859,6737.434328271494,2.3924,4.407275352412573,0,6.82125894466942,340.9732373399795,64.13532230196226,0.0,21254.51340049072,0,1.8043,217908.10279826843,1749.3742701745637,4.6527,2.3467,9736.464415365037,1898.1231443695488,0,64.26600055320493,148.7794,20.423707849989302,53.508159291263716,11.65632900908506,9186.749113757054,779.3264689244949,9186.749113757054,779.3264689244949,0,0.0,0,2.7582,7567.244191681421,1382.514350730015,2817.3923626297537,2938.5733344194714,245.48236724949678,56.68369156318813,0.0,1.6677,6.275114638594236,2.8890131979158804,130.60733955265593,19.62174983159985,10162.2451,432.5463315997828,0.0,1.7967667274636554,2.849822051776386,6.197129894001628,64.95304548639831,5.940676448640165,0.0,0.0,19014.567518139716,472.4025311342349,0.0,11.022663550295416,0.0,1.5760469923037452,102098.7250042976,12824.849080410748,13.032,9.70449369068412,1021.3311,6.782342116435128,0,0.0,3.6497,3.278594674810752,1192.3039049903773,190.59725757551928,22.2398,3.214566508041913,188.27389146436138,25.879442648996942,0,0.0,26.013609909839435,3.950612267937043,144.58619384058952,15.155257529569525,33.53056367335887,22.532827979462215
27,4.3187,3.8131995595707675,33489.9531,6840.858628271495,9.1917,4.581375352412573,0,6.91505894466942,233.913892707072,60.006822301962266,0.0,21304.39920049072,0,1.835,133767.103200249,1703.7725701745635,13.3402,2.1536,1888.183569916339,1878.0606443695488,0,76.91310055320493,252.2928,21.244907849989303,139.85987713692703,12.88422900908506,17787.84258848828,806.5674689244948,17787.84258848828,806.5674689244948,0,0.0,0,2.9778,13220.922369569325,1416.1252507300148,4337.673686956755,2882.0640344194717,269.9681041099059,56.35009156318813,18.8605,1.1658,6.275114638594236,2.81461319791588,189.8783481627486,20.420649831599853,4972.644,378.8704315997828,0.0,1.8433667274636554,5.346254681138131,6.197129894001628,85.55445265741065,6.080376448640164,0.0,0.0,44171.42397028161,500.90953113423484,6.8116,8.360763550295417,0.0,1.7986469923037451,153572.0519140373,12886.509580410748,0.0,11.449793690684121,528.6617,5.835542116435128,0,0.0,5.1035,3.289494674810752,2435.5406337673994,197.22895757551927,19.0797,2.744166508041913,351.566897043462,28.564242648996945,0,11.5924,25.782098235933972,3.941812267937043,299.5589192737549,16.507357529569525,52.72689954094735,22.146427979462217
28,2.0138,3.963599559570768,20185.3125,6794.251828271495,4.4675,4.477575352412573,0,7.02645894466942,414.05009197548134,64.73702230196227,0.0,21346.715800490718,0,1.9902,163299.2998781851,1726.4854701745635,7.1797,2.3857,7568.535321942836,1894.4665443695487,0,72.94750055320493,179.6624,20.785207849989302,86.23789886261531,12.25612900908506,13738.728394512598,798.6063689244949,13738.728394512598,798.6063689244949,0,0.0,0,2.6641,9946.653548923843,1399.998650730015,1033.7198747116622,2917.966534419472,277.24172817777236,57.69729156318813,2.2362,1.158,6.275114638594236,2.90141319791588,125.87708618904745,19.557649831599853,24747.5742,530.6230315997827,0.0,1.8221667274636553,3.0763638070838843,6.197129894001628,69.69980171008444,6.016876448640165,0.0,0.0,25413.335868318234,484.6186311342349,0.0,13.750063550295415,0.0,1.685346992303745,138379.0932451478,12877.873380410747,11.7517,9.71889369068412,935.8199,6.637142116435128,0,0.0,2.1207,3.316394674810752,1909.3754185424377,195.51225757551927,25.3511,3.184066508041913,238.9174812815951,27.284542648996947,0,0.0,29.892703398262228,4.000812267937043,172.80264896084532,15.479957529569525,47.507049719004144,22.513227979462215
29,3.5583,3.750499559570768,32073.5527,6804.267428271495,7.2869,4.517775352412573,0,6.44125894466942,246.86359950414143,59.06922230196227,0.0,21195.632000490717,0,1.6647,64363.474775064926,1621.8109701745636,20.7433,2.141,3390.1267408491203,1881.9194443695487,0,78.38080055320493,248.3353,20.5864078499893,104.94125504304506,12.103829009085059,20045.267370789257,808.4526689244949,20045.267370789257,808.4526689244949,0,0.0,0,2.7783,13310.672416614898,1411.2230507300148,3248.7615399509377,2768.0745344194715,278.01633439546265,55.69689156318813,18.8226,1.1051,6.275114638594236,2.76171319791588,190.1625719738496,20.168749831599854,7000.7134,397.62063159978277,0.0,1.8219667274636553,8.394077375016526,6.197129894001628,90.16942257283003,6.033676448640165,0.0,0.0,42425.09939492156,495.68753113423486,0.0,10.021463550295415,0.0,1.703846992303745,188059.64260221485,12905.834680410748,0.0,10.61799369068412,364.2712,5.432442116435128,0,0.0,5.8832,3.224194674810752,2650.815824960586,195.15465757551928,14.998,2.500666508041913,365.06678029670366,27.811942648996947,0,10.8093,30.192656826664162,3.9591122679370425,270.9833403035627,15.937257529569525,60.53979248271746,21.991427979462216
30,3.7825,3.598899559570768,48473.6953,6811.339528271495,10.6318,4.6449753524125725,0,7.15795894466942,182.1029070978481,55.73202230196227,0.0,21099.17120049072,0,1.6379,8964.057755933205,1495.7032701745636,15.4935,1.8549,7112.49676994012,1888.6495443695487,0,81.76500055320493,370.6744,20.8668078499893,154.2870517705792,12.673429009085059,23848.14687227305,815.0695689244949,23848.14687227305,815.0695689244949,0,0.0,0,2.3528,12716.085187061675,1403.327550730015,4150.841016777961,2694.4771344194714,241.84184452709553,54.449491563188126,55.6606,1.2591,6.275114638594236,2.74141319791588,152.83139251284115,19.42154983159985,3114.7466,341.6400315997828,0.0,1.9485667274636553,11.513153681636206,6.197129894001628,95.87681934624473,6.088776448640164,0.0,0.0,60965.34045924625,505.9100311342349,5.6125,7.778963550295416,0.0,1.9866469923037453,169468.59014518527,12872.506880410747,0.0,10.06939369068412,139.6042,4.814342116435128,0,0.0,8.5921,3.2445946748107524,3292.311101488167,196.03735757551928,24.6104,2.445366508041913,560.9628686318929,28.728942648996945,0,0.0,18.784771961732268,4.200212267937043,202.50690288798071,15.059857529569527,69.9907307349527,21.825027979462217
31,1.6185,3.789799559570768,20778.0859,6759.099728271495,4.5697,4.437975352412574,0,6.56365894466942,206.40917215224906,60.25752230196227,0.0,21168.60820049072,0,1.735,130591.17168679702,1690.6115701745634,9.6435,2.1522,7119.830716254744,1891.2576443695489,0,69.18130055320493,224.5281,20.590807849989304,86.41687931197137,11.954529009085059,12607.385215654618,789.9340689244948,12607.385215654618,789.9340689244948,0,0.0,0,2.9052,9119.255759642048,1389.384850730015,3263.3137816530525,2810.2782344194716,281.0054626240762,56.614491563188125,10.266,1.1073,6.275114638594236,2.7770131979158803,138.61015841025474,19.38624983159985,2371.543,340.2326315997828,0.0,1.7766667274636554,5.27574662189339,6.197129894001628,73.87976018317195,5.8916764486401645,0.0,0.0,31888.463094877665,485.77383113423485,0.0,10.314963550295417,0.0,1.634246992303745,155722.64739382337,12883.226480410747,0.0,12.60099369068412,537.7515,5.850442116435128,0,0.0,4.0528,3.222994674810752,1701.1810685910075,191.07835757551928,18.6195,2.733966508041913,309.93172135030824,26.931242648996943,0,10.6531,27.24933074682068,3.9210122679370425,274.46935446788757,16.243957529569528,34.06668843456046,22.064727979462216
32,4.3107,3.789599559570768,27278.7422,6807.2095282714945,5.7555,4.478075352412573,0,6.85975894466942,310.4370171626038,59.91742230196226,0.0,21301.99350049072,0,1.763,94095.04504529883,1663.1346701745636,12.7578,2.1111,3368.2175324952445,1882.9128443695488,0,75.70010055320493,277.3198,21.0710078499893,103.00612971166254,12.228429009085058,17308.692716855247,803.2837689244949,17308.692716855247,803.2837689244949,0,0.0,0,2.8735,10853.096930620995,1401.8083507300148,3665.4702415811917,2847.9322344194716,244.20816742989058,55.13089156318813,13.2538,1.1128,6.275114638594236,2.81141319791588,223.1558831635306,20.835749831599852,16366.1904,475.7724315997828,0.0,1.8254667274636553,5.961762346357704,7.829229894001628,80.05890529016104,5.978776448640165,0.0,0.0,37684.80693254166,495.78453113423484,0.0,11.742663550295417,0.0,1.787646992303745,193154.92804796837,12920.011180410747,7.2692,9.18719369068412,546.5409,5.830042116435129,0,0.0,4.4496,3.237994674810752,2276.041168579438,194.95245757551928,21.4365,2.7432665080419127,347.8677167684288,27.859642648996946,0,11.5796,39.65573782711174,4.049712267937043,346.1998937073837,16.799857529569525,56.531441381649806,22.144127979462215
33,0.0,6.0669995595707675,5026.2144,6735.913528271495,0.0,6.1277753524125735,0,7.04275894466942,418.63648559381977,71.39132230196228,0.0,21569.69180049072,0,2.2048,434505.49022277206,1867.4502701745637,0.0,4.1202,3909.587015325813,1885.7734443695488,0,57.105500553204934,62.9379,21.131207849989302,17.289308730269095,11.074329009085059,5618.424635650612,761.2474689244948,5618.424635650612,761.2474689244948,0,0.0,0,3.1337,3596.778742287626,1361.694650730015,3502.226214258967,3226.434634419472,461.47749494668545,65.59499156318813,0.0,1.7327,6.275114638594236,2.93101319791588,32.55518941773525,17.66074983159985,823.7186,321.0652315997828,0.0,2.3998667274636554,-2.636493114017924,6.197129894001628,53.74432840568159,5.6637764486401645,0.0,0.0,7397.41907230133,452.0214311342349,0.0,12.362463550295416,0.0,2.666246992303745,77053.17549564659,12779.012980410747,18.0536,10.54249369068412,828.4304,6.735242116435128,0,0.0,0.0,4.489594674810752,489.03985526979676,192.36165757551927,7.2284,3.067866508041913,157.17621038561032,26.646542648996945,0,0.0,18.784771961732268,4.157812267937043,40.508961104075695,14.061757529569526,15.837934984277974,22.471027979462217
34,0.0,6.349399559570768,5202.2388,6744.247128271495,0.0,4.949675352412573,0,7.14905894466942,414.36591437322676,71.35872230196227,0.0,21603.19760049072,0,2.2236,437954.43043712823,1870.0929701745636,0.0,4.0823,4385.699030945087,1887.6301443695488,0,56.75720055320493,63.1952,21.172107849989303,18.715911906555466,11.093229009085059,5564.357051822228,760.4754689244949,5564.357051822228,760.4754689244949,0,0.0,0,3.0719,3593.728975697132,1361.9540507300148,4079.547561203951,3268.341534419472,440.29621050083915,64.71969156318812,0.0,1.707,6.275114638594236,2.90171319791588,31.10428308876257,17.57994983159985,974.5256,325.4039315997828,0.0,2.4145667274636557,-2.636493114017924,6.197129894001628,54.42151176758507,5.648776448640165,0.0,0.0,7477.095144957923,452.84693113423486,0.0,12.382063550295417,0.0,1.522446992303745,77176.52095082925,12781.382980410748,17.2498,10.53789369068412,828.8481,6.722342116435128,0,0.0,0.0,4.461394674810752,466.64523797570723,192.9494575755193,4.2393,3.0094665080419127,154.2156187995426,26.634542648996945,0,0.0,18.784771961732268,4.175112267937043,40.577330746643774,14.045857529569526,13.937352243041213,22.452627979462218
35,3.6572,3.967699559570768,18107.8105,6794.836828271495,5.9105,4.523075352412573,0,6.92925894466942,423.967409509441,64.32522230196227,0.0,21421.22870049072,0,1.9036,195744.46121865074,1746.3655701745636,3.6918,2.3146,12876.870181619413,1905.9026443695489,0,68.65880055320493,189.6642,21.0201078499893,69.62325258835335,11.943529009085058,11388.005472855422,788.9493689244948,11388.005472855422,788.9493689244948,0,0.0,0,3.1539,9839.143343756206,1399.585950730015,1788.3771551550276,3012.0275344194715,272.6304387518509,57.36289156318813,5.079,1.1799,6.275114638594236,2.90481319791588,147.62617377719354,19.96414983159985,29658.7129,556.5819315997828,0.0,1.8300667274636553,3.6161445385828945,6.197129894001628,73.12507947450453,6.065176448640164,0.0,0.0,24891.91827314409,485.43393113423485,0.0,10.930563550295417,0.0,1.650846992303745,127599.09960635062,12866.938280410748,6.2502,9.63839369068412,1008.2384,6.738042116435128,0,0.0,4.3856,3.332894674810752,1692.6091849647173,195.5812575755193,22.0059,3.188066508041913,247.78096838512664,27.449242648996943,0,11.643,33.77100335909665,4.055312267937043,224.92837642039873,16.100357529569525,61.97136837178856,22.615827979462217
