Reading No,Reading Type,Duration,Main,Low,High,Light,Time,User,Sigma Value,Units,Mode,Pass/Fail,Pass/Fail Criteria,Heat,Lot,Note,Sample Depth,Ag,Ag 2-Sigma,Al,Al 2-Sigma,As,As 2-Sigma,Au,Au 2-Sigma,Ba,Ba 2-Sigma,Bal,Bal 2-Sigma,Bi,Bi 2-Sigma,Ca,Ca 2-Sigma,Cd,Cd 2-Sigma,Cl,Cl 2-Sigma,Co,Co 2-Sigma,Cr,Cr 2-Sigma,Cu,Cu 2-Sigma,Fe,Fe 2-Sigma,Hf,Hf 2-Sigma,Hg,Hg 2-Sigma,K,K 2-Sigma,Mg,Mg 2-Sigma,Mn,Mn 2-Sigma,Mo,Mo 2-Sigma,Nb,Nb 2-Sigma,Ni,Ni 2-Sigma,P,P 2-Sigma,Pb,Pb 2-Sigma,Pd,Pd 2-Sigma,Rb,Rb 2-Sigma,Re,Re 2-Sigma,S,S 2-Sigma,Sb,Sb 2-Sigma,Se,Se 2-Sigma,Si,Si 2-Sigma,Sn,Sn 2-Sigma,Sr,Sr 2-Sigma,Ta,Ta 2-Sigma,Th,Th 2-Sigma,Ti,Ti 2-Sigma,U,U 2-Sigma,V,V 2-Sigma,W,W 2-Sigma,Y,Y 2-Sigma,Zn,Zn 2-Sigma,Zr,Zr 2-Sigma
116,Mining,211.54,29.06,28.99,28.97,118.63,"Thu Nov 4, 2021 - 17:04:41",User,2,ppm,Mining,,,,,,sdar-M2_1,14.8799,1.5897,76001.8906,514.6063,32.2637,6.6204,0,6.2738,930.6066,32.2109,512922.9062,1680.3708,0,3.1801,4248.7666,93.1017,0,3.2461,0,23.2075,0,48.2341,85.3395,5.6059,231.4499,7.7014,14622.5312,104.4744,0,0,0,3.4605,41926.5898,231.493,4687.9844,696.6856,807.6936,37.2716,0,1.6558,18.2514,0.96,34.4646,6.3756,583.1941,60.3321,758.2421,7.0126,0,1.8245,157.4005,2.3412,0,0,1912.0011,28.2134,90.0397,4.4875,0,1.5578,337321.9375,360.1901,17.4436,3.477,140.078,1.0918,0,0,9.0238,2.1475,1395.6188,31.9573,0,2.322,31.4644,7.8246,0,12.438,32.2701,1.382,728.6841,11.1304,257.1049,2.1468
124,Mining,210.05,29.89,29.75,28.6,116.01,"Thu Nov 4, 2021 - 18:01:41",User,2,ppm,Mining,,,,,,sdar-M2_10,14.6657,1.5881,77946.5781,523.0837,35.4585,6.7694,0,6.3783,916.1692,32.152,509866.7812,1724.3563,0,3.2639,4244.2085,94.1399,0,3.6971,0,23.4007,0,48.9912,88.8663,5.6717,220.171,7.7781,14658.0693,107.5187,0,0,0,3.5294,41589.5742,233.2587,4604.3379,698.7848,806.4837,38.3386,0,1.7036,17.5949,0.9814,47.6217,6.7329,619.1631,60.9678,745.1782,7.1485,0,1.8478,159.1116,2.4178,0,0,1890.6597,28.3956,85.332,4.4671,0,1.5953,338819.3125,364.3264,18.6259,3.4826,138.3966,1.1159,0,0,9.166,2.2005,1417.5293,32.2396,0,2.4983,34.6954,7.9461,0,15.0578,31.4368,1.4144,721.5379,11.3929,253.2357,2.192
125,Mining,210.48,29.29,29.88,29.41,113.74,"Thu Nov 4, 2021 - 18:06:13",User,2,ppm,Mining,,,,,,sdar-M2_11,14.6508,1.5575,77809.6875,527.3282,27.9656,6.5376,0,6.4262,911.1158,31.5153,509568.4688,1691.1926,0,3.1194,4256.8042,89.9223,0,3.1356,0,23.6577,0,47.8082,86.6966,5.4526,222.7699,7.559,14674.9219,104.1844,0,0,0,3.4056,41576.6094,223.6976,4743.4814,707.6193,842.4478,37.6906,0,1.6502,17.7563,0.95,43.9408,6.5026,593.8239,61.4114,751.4126,6.9484,0,1.8337,160.0825,2.3474,0,0,1892.278,28.6023,88.2987,4.3935,0,1.5679,339089.75,363.0656,13.7327,3.3925,139.8195,1.0855,0,0,9.3108,2.1234,1431.2723,30.9053,0,2.2881,41.3933,7.7096,0,12.6822,31.1755,1.3707,705.545,10.9209,254.8848,2.1286
126,Mining,209.98,28.85,29.86,29.65,114.44,"Thu Nov 4, 2021 - 18:12:01",User,2,ppm,Mining,,,,,,sdar-M2_12,13.5643,1.5447,77851.8203,529.5337,34.6794,6.5353,0,6.3686,907.167,31.5328,508275.4375,1691.9519,0,3.1807,4219.2402,91.4007,0,3.1705,0,23.6875,0,47.6251,83.0608,5.5016,219.0733,7.4734,14743.1973,103.815,0,0,0,3.4563,41842.3359,227.2088,4799.9819,711.0657,820.0128,37.1617,0,1.6355,18.2609,0.9487,43.8517,6.4632,595.3395,61.5112,749.8682,6.9074,0,1.8076,158.1836,2.3235,0,0,1913.3541,28.7318,88.6448,4.4026,0,1.5658,340028.3438,364.4925,13.4002,3.3959,139.5797,1.0792,0,0,8.2218,2.1253,1378.6857,31.5573,0,2.259,37.642,7.7742,0,12.6245,31.0401,1.3608,730.8915,11.0364,255.144,2.1185
127,Mining,210.24,29.28,29.22,28.7,117.2,"Thu Nov 4, 2021 - 18:15:53",User,2,ppm,Mining,,,,,,sdar-M2_13,14.7474,1.5957,77765.7188,523.2979,30.5916,6.6842,0,6.4077,929.2063,32.3486,507530.2188,1724.2963,0,3.2501,4252.3677,93.3665,0,3.2687,0,23.2293,0,48.7079,84.0634,5.6199,213.6763,7.5976,14703.6064,106.3738,0,0,0,3.5484,41968.0742,231.6065,5420.8081,713.4257,804.3275,37.855,0,1.6702,17.7497,0.9709,47.235,6.6878,611.8799,61.185,750.4212,7.0896,0,1.8255,158.1116,2.3825,0,0,1888.8119,28.2622,88.2296,4.4991,0,1.5649,340144.5625,363.0912,13.9186,3.4744,137.9332,1.1012,0,0,11.774,2.2108,1354.9183,32.3666,0,2.2753,34.852,7.9045,0,13.115,31.9055,1.4005,732.4978,11.3325,257.7017,2.183
128,Mining,211.01,29.42,28.69,29.65,115.42,"Thu Nov 4, 2021 - 18:22:13",User,2,ppm,Mining,,,,,,sdar-M2_14,15.4917,1.584,78030.4062,526.3534,35.7496,6.5278,0,6.248,901.4445,31.7787,507666.4688,1680.0853,0,3.1151,4274.6987,93.4623,0,3.2101,0,23.6245,0,47.5834,88.6905,5.6249,217.8464,7.4434,14642.7305,103.2725,0,0,0,3.448,41828.1836,230.8119,4015.1631,692.2271,829.0248,37.2661,0,1.6453,18.3042,0.946,44.8144,6.5133,576.7318,60.9001,750.5116,6.8926,0,1.844,160.6262,2.329,0,0,1893.4445,28.5687,82.5775,4.4121,0,1.5066,341271.0312,364.0574,15.2514,3.4383,139.6747,1.0771,0,0,10.0277,2.1186,1432.8969,31.8576,0,2.0219,38.3825,7.9075,0,12.7104,30.4921,1.358,733.5831,11.03,255.6712,2.1162
117,Mining,211.37,29.54,28.55,29.27,115.34,"Thu Nov 4, 2021 - 17:09:15",User,2,ppm,Mining,,,,,,sdar-M2_2,15.4994,1.563,77210.9766,524.9727,35.0062,6.7081,0,6.5685,908.3781,31.3884,510013.7188,1719.6926,0,3.1682,4339.4404,92.9368,0,3.1633,0,23.4607,0,49.2844,86.3263,5.594,226.164,7.7599,14664.5166,106.2705,0,0,0,3.4522,41937.5117,230.953,5237.9526,714.9921,832.1181,38.3194,0,1.6841,18.2476,0.9747,42.616,6.7087,611.4924,61.1261,750.4476,7.0884,0,1.8265,159.3327,2.388,0,0,1915.0154,28.531,88.6347,4.3818,0,1.5971,338269.3438,363.9957,15.3809,3.3915,140.9639,1.1122,0,0,9.8341,2.1647,1417.5117,31.8413,0,2.0894,34.2959,7.8461,0,12.7436,32.9811,1.4068,731.7035,11.3273,254.5296,2.1724
118,Mining,210.63,29.7,29.7,29.69,114.75,"Thu Nov 4, 2021 - 17:14:33",User,2,ppm,Mining,,,,,,sdar-M2_3,15.033,1.5589,77250.1016,521.9562,31.5112,6.575,0,6.6537,916.7791,31.4742,511091.3125,1677.5093,0,3.1471,4306.4185,93.8645,0,3.1678,0,23.4658,0,48.3027,83.4731,5.6127,227.2773,7.6366,14630.1924,104.3206,0,0,0,3.3761,41446.7773,232.3021,3975.082,689.5861,837.0806,37.7016,0,1.6573,17.7562,0.9518,39.9492,6.5196,555.2048,60.867,751.3542,6.9676,0,1.8037,157.4327,2.3324,0,0,1932.8721,28.6167,87.3198,4.3813,0,1.5904,339039.875,363.9745,13.7751,3.3883,139.1814,1.0861,0,0,10.1102,2.1411,1401.0237,31.973,0,2.0356,33.8581,7.8814,0,12.7253,30.8824,1.3702,724.2925,11.0796,254.1733,2.1321
119,Mining,211.51,29.46,29.78,29.11,118,"Thu Nov 4, 2021 - 17:19:54",User,2,ppm,Mining,,,,,,sdar-M2_4,13.4532,1.6286,77594.1797,519.9584,31.0403,6.5182,0,6.3696,906.7241,33.2754,508620.6875,1676.9719,0,3.177,4330.5562,92.5375,0,3.3606,0,23.3506,0,47.7209,89.579,5.5935,221.0349,7.4884,14684.1836,103.505,0,0,0,3.3884,41602.75,228.5268,4462.979,693.7303,816.2373,37.0486,0,1.6365,18.1331,0.9469,40.6036,6.4358,585.4299,60.8939,752.7678,6.9107,0,1.8967,159.0983,2.3229,0,0,1885.1176,28.273,87.1353,4.6387,0,1.5718,340482.375,361.4088,15.2209,3.5924,140.3279,1.0802,0,0,9.008,2.1324,1403.4036,31.9655,0,2.0286,35.9957,7.8533,0,18.16,32.342,1.3667,723.4004,10.9729,256.4682,2.1206
120,Mining,210.36,29.29,29.81,29.2,115.98,"Thu Nov 4, 2021 - 17:39:52",User,2,ppm,Mining,,,,,,sdar-M2_6,14.4258,1.5399,76960.4609,520.5264,33.7211,6.4998,0,6.335,919.3158,31.2625,510596.0938,1671.6908,0,3.1902,4303.7866,94.3441,0,3.1303,0,23.3523,0,47.6039,83.8773,5.6578,221.609,7.4895,14674.3027,103.4673,0,0,0,3.3955,42040.793,234.2374,4586.104,699.521,845.5844,37.4906,0,1.6333,17.6167,0.9438,39.9186,6.395,605.8182,61.2486,745.2996,6.8734,0,1.799,157.7339,2.3124,0,0,1907.5034,28.3399,87.6212,4.3499,0,1.5301,338548.5938,363.0125,16.3441,3.3729,139.2573,1.076,0,0,8.1318,2.1237,1401.9249,32.5191,0,2.0224,37.5155,8.0181,0,12.5565,33.7252,1.3687,717.2495,10.9246,255.6932,2.1161
121,Mining,210.98,29.96,28.89,29,116.2,"Thu Nov 4, 2021 - 17:43:46",User,2,ppm,Mining,,,,,,sdar-M2_7,14.3664,1.5719,77397.4062,518.4139,31.676,6.4804,0,6.225,905.8767,31.8639,511522.75,1657.6268,0,3.1965,4284.2163,92.6605,0,3.1858,0,23.4435,0,46.8287,87.4201,5.5889,219.3486,7.4366,14550.2744,102.7384,0,0,0,3.3742,41686.3203,230.1641,4054.0383,685.9857,812.3901,36.7282,0,1.6323,17.3781,0.9367,43.1407,6.3544,606.4301,61.2296,749.0681,6.8647,0,1.8029,161.4606,2.3249,0,0,1902.2841,28.3473,85.6779,4.4339,0,1.5127,338243.6875,360.8671,12.29,3.4278,139.7993,1.074,0,0,7.31,2.1183,1410.587,31.6228,0,1.9935,38.0624,7.8506,0,12.9554,31.7183,1.3597,728.9694,10.9642,256.1527,2.11
122,Mining,211.05,28.78,29.08,29.8,117.09,"Thu Nov 4, 2021 - 17:48:17",User,2,ppm,Mining,,,,,,sdar-M2_8,14.951,1.5731,77422.3438,523.522,31.5742,6.625,0,6.5917,916.9197,31.7771,507690.0625,1706.0203,0,3.1693,4348.7524,96.4582,0,3.1995,0,23.3751,0,48.3519,83.7413,5.787,217.7158,7.5668,14737.5752,105.2667,0,0,0,3.5297,41927.4531,238.3394,4779.3135,704.0742,842.65,38.0449,0,1.67,18.629,0.9641,45.3864,6.6056,635.0859,61.1177,753.0413,7.0209,0,1.8297,156.8875,2.346,0,0,1893.3141,28.4202,88.6683,4.4302,0,1.6142,340799.875,365.2102,15.279,3.4277,140.8226,1.0992,0,0,9.8829,2.154,1376.556,33.1823,0,2.0699,38.3147,8.1758,0,14.9927,30.3869,1.3768,729.5203,11.1881,255.282,2.1507
123,Mining,211.03,29.14,28.97,28.77,117.62,"Thu Nov 4, 2021 - 17:52:08",User,2,ppm,Mining,,,,,,sdar-M2_9,14.5445,1.5902,77738.9844,521.137,37.367,6.9286,0,6.5172,903.2208,32.1686,508786.4688,1762.2208,0,3.2677,4309.9268,93.3755,0,3.254,0,23.2706,0,50.3272,83.3097,5.5997,213.4936,7.8524,14618.8389,109.8206,0,0,0,5.6355,41655.8984,231.2789,5528.7178,712.5814,808.7971,39.2524,0,2.0337,18.0834,1.0046,44.0092,6.8435,597.3406,60.6268,744.1762,7.3053,0,1.862,160.6022,2.4734,0,0,1919.8354,28.288,85.0858,4.4773,0,1.6273,339133.5312,363.2616,11.989,3.4614,137.3105,1.1371,0,0,10.4911,2.2392,1393.5621,31.8786,0,2.1244,39.5409,7.9135,0,12.8442,31.5197,1.4476,719.1242,11.6258,254.3482,2.2448
22,Mining,211.34,29.17,29.7,29.84,115.64,"Wed Nov 17, 2021 - 16:24:36",User,2,ppm,,,,SDAR_M2_1,Mining,,,11.5284,1.5064,75280.8047,515.4677,33.2166,6.5436,0,6.4047,922.916,31.3911,515066.3125,1656.1626,0,3.1637,4387.1543,95.3511,0,3.168,0,24.4475,0,47.4955,107.4012,5.8981,218.4094,7.4374,14637.1963,103.1561,0,0,0,3.4464,41803.832,235.8695,4551.731,699.3555,857.0575,37.5709,0,1.6095,16.6458,0.9315,44.3252,6.4886,592.8074,60.5071,760.4521,6.9245,0,1.8139,160.8851,2.3295,0,0,1938.3253,28.4771,87.6954,4.3674,0,1.5108,335941.4062,362.6619,11.5423,3.3612,140.4144,1.078,0,0,7.5079,2.1154,1409.9497,32.4733,0,2.0324,34.7557,8.0142,0,12.527,28.1215,1.347,725.519,10.9583,222.1261,1.9964
43,Mining,210.32,29.69,29.75,28.7,116.8,"Thu Nov 18, 2021 - 15:05:41",User,2,ppm,,,,SDAR_M2_1,Mining,,,11.5014,1.5706,75864.8984,514.9999,35.9747,6.5919,0,6.5132,915.5021,32.6989,514507.9688,1664.1573,0,3.1066,4437.4014,92.8265,0,3.3054,0,23.5231,0,47.814,78.5187,5.5147,222.2229,7.5285,14673.6953,103.8588,0,0,0,3.3843,42763.5664,231.9133,4809.2202,701.0999,813.6429,37.0769,0,1.8698,17.8769,0.9503,41.9502,6.4724,593.3241,59.448,759.2148,6.962,0,1.8378,158.5524,2.3222,0,0,1968.7079,28.4585,81.9645,4.5257,0,1.547,334594.1562,359.9948,18.6519,3.5392,139.0815,1.0797,0,0,11.3948,2.1365,1434.9198,31.8656,0,1.9957,35.0483,7.86,0,12.609,34.6045,1.383,730.2022,11.054,246.1572,2.0934
23,Mining,210.82,29.12,29.58,29.07,116.62,"Wed Nov 17, 2021 - 16:28:47",User,2,ppm,,,,SDAR_M2_2,Mining,,,10.8108,1.5282,76545.2344,520.4418,30.2048,6.7316,0,6.4796,901.6432,31.9469,510495.0625,1697.2664,0,3.2426,4412.6626,94.0478,0,3.2049,0,24.4577,0,48.5236,106.0548,5.7608,226.4814,7.7328,14677.8311,105.7931,0,0,0,3.5462,42419.5781,232.439,4224.772,694.554,851.5112,38.5284,0,1.8118,17.7568,0.9611,47.0547,6.6747,575.2224,60.4752,770.6708,7.1437,0,1.8154,159.2772,2.3713,0,0,1949.6514,28.6125,87.3203,4.4579,0,1.5625,338932.3125,363.861,11.631,3.435,141.6833,1.1094,0,0,8.8088,2.1853,1394.13,31.6674,0,2.0389,37.4283,7.8523,0,16.8972,28.3316,1.3826,715.7017,11.1665,221.046,2.0435
44,Mining,210.92,29.34,29.52,29.6,115.45,"Thu Nov 18, 2021 - 15:10:02",User,2,ppm,,,,SDAR_M2_2,Mining,,,11.5973,1.5376,76892.5625,522.2023,33.9662,6.546,0,6.3955,915.5726,31.9928,511520.4688,1670.7247,0,3.1423,4369.3511,92.9006,0,3.2163,0,23.7235,0,47.6559,81.671,5.541,237.5796,7.712,14681.5801,103.7104,0,0,0,3.3755,42583.8906,231.4939,4278.6182,697.245,797.2266,36.7667,0,1.6186,16.9402,0.94,40.5226,6.4099,550.6544,60.1164,752.5204,6.9242,0,1.8384,160.6223,2.3324,0,0,2002.3723,28.8902,85.6963,4.4466,0,1.5485,337307.5938,362.7881,14.2931,3.4462,142.5413,1.0903,0,0,11.3033,2.1439,1454.1986,31.7157,0,1.9971,37.6293,7.8783,0,12.5758,32.3265,1.3709,738.7614,11.0974,247.873,2.0982
24,Mining,211.36,29.75,29.16,28.95,115.76,"Wed Nov 17, 2021 - 16:59:21",User,2,ppm,,,,SDAR_M2_3,Mining,,,11.2434,1.535,76069.4922,517.8874,37.3767,6.4681,0,6.1917,921.1099,32.0595,511563.3438,1655.936,0,3.0811,4522.2622,92.9538,0,3.4027,0,24.3268,0,46.9023,102.7686,5.7035,227.0049,7.4654,14630.6924,101.9567,0,0,0,4.0283,42344.2383,229.9799,4902.4307,705.4272,834.0075,36.8435,0,1.5861,16.1247,0.9179,54.0604,6.6051,590.7361,59.9763,754.4308,6.8217,0,1.8211,158.8446,2.2852,0,0,1956.4779,28.5047,89.8025,4.4722,0,1.5086,337617.7188,360.6052,18.6602,3.465,141.4855,1.0695,0,0,8.6602,2.0814,1402.2379,31.653,0,1.9754,41.9772,7.8822,0,12.0465,30.4531,1.3381,732.8232,10.8796,219.5835,1.9656
25,Mining,210.97,29.38,28.92,28.79,117.23,"Wed Nov 17, 2021 - 17:06:15",User,2,ppm,,,,SDAR_M2_4,Mining,,,10.7343,1.5417,76262.1406,516.5096,33.0268,6.6006,0,6.3471,884.669,32.1679,512171.25,1686.3448,0,3.0983,4359.1626,94.1865,0,3.2337,0,24.2448,0,47.9683,101.3932,5.8115,225.9953,7.6322,14505.8369,104.1698,0,0,0,3.4261,42099.6719,234.5811,5289.3721,709.111,836.2046,37.8167,0,1.6213,17.1511,0.9489,40.4407,6.4877,578.5125,60.2515,753.151,6.9849,0,1.8342,158.9503,2.3513,0,0,1957.5164,28.349,87.0081,4.4994,0,1.4929,337067.3125,361.79,11.4719,3.4663,138.1528,1.0842,0,0,10.2676,2.1295,1389.0483,32.4673,0,2.5986,37.0901,8.0041,0,12.6887,29.2122,1.3656,726.6515,11.113,218.5984,2.0095
45,Mining,210.81,29.27,29.97,29.33,114.74,"Thu Nov 18, 2021 - 15:17:26",User,2,ppm,,,,SDAR_M2_4,Mining,,,13.5215,1.552,77475.5078,526.3536,38.0912,6.6548,0,6.4266,935.1291,31.8375,509247.4375,1708.3154,0,3.1797,4401.9517,93.3455,0,3.1918,0,23.5773,0,48.475,77.0787,5.5225,227.1431,7.6809,14708.375,105.1132,0,0,0,3.4545,42717.8867,232.2657,5481.5996,720.363,831.531,37.8496,0,1.6537,17.4092,0.9587,48.4283,6.7019,558.9626,60.2683,753.4186,7.0156,0,1.8502,158.9933,2.3594,0,0,1976.8779,28.7353,89.9841,4.4314,0,1.5739,337618.75,363.6499,14.4365,3.4182,140.1069,1.0956,0,0,9.4401,2.1518,1415.0034,32.0265,0,2.21,31.2188,7.8322,0,12.6921,34.1396,1.3953,731.4345,11.1868,246.1874,2.1168
26,Mining,210.93,29.61,29.29,29.27,117.02,"Wed Nov 17, 2021 - 17:10:27",User,2,ppm,,,,SDAR_M2_5,Mining,,,12.1354,1.5814,76175.5391,516.4025,32.601,6.7585,0,6.6243,902.4229,32.6631,512107.5312,1706.1322,0,3.1369,4439.4058,93.2651,0,3.3138,0,24.2125,0,48.7721,102.8933,5.7021,226.3101,7.7882,14534.8242,106.2616,0,0,0,3.4605,42327.8633,231.4397,5080.4863,705.7496,817.4674,38.2174,0,2.6326,16.9742,0.9649,46.4559,6.7133,600.1694,60.2876,760.775,7.1575,0,1.8978,159.5567,2.3948,0,0,1916.0502,28.2356,86.131,4.5521,0,1.5647,337054.5938,361.681,9.3492,3.4975,140.4919,1.1139,0,0,11.6598,2.1812,1420.3156,31.508,0,2.0762,39.3388,7.853,0,12.7172,29.1314,1.3949,730.3596,11.3538,219.0603,2.0527
46,Mining,210.02,29.73,28.58,29.55,114.99,"Thu Nov 18, 2021 - 15:21:14",User,2,ppm,,,,SDAR_M2_5,Mining,,,11.6431,1.5355,77394.0781,524.3705,32.5581,6.5355,0,6.2192,916.9312,31.9449,509170.9062,1681.6002,0,3.0712,4339.2827,93.6969,0,3.2068,0,23.5311,0,47.8186,77.9916,5.5626,220.4421,7.4675,14753.1416,103.5619,0,0,0,3.5106,42651.6523,232.8366,4977.8218,709.7924,805.6282,36.7566,0,1.6302,16.7672,0.9389,38.4825,6.3967,592.0707,60.8355,757.8659,6.922,0,1.8236,159.1776,2.321,0,0,1966.4797,28.7597,86.439,4.4426,0,1.5394,338424.875,363.6162,11.4963,3.4279,140.0813,1.078,0,0,10.5006,2.1114,1400.2318,32.1941,0,2.0434,34.4918,7.899,0,17.6584,34.1517,1.3744,728.3696,10.9894,246.4661,2.0842
620,ucsb mining,211.07,0,0,0,0,"Sun Mar 6, 2022 - 12:20:57",User,2,ppm,Mining,,,SdAR_M2,,,,12.1584,1.5596,72058.25,505.609,33.6764,6.6461,0,6.3483,950.9823,32.4834,525392.0625,1627.4418,0,3.2523,4813.5518,98.996,0,3.229,0,25.6396,0,48.6918,102.2733,5.8721,226.9918,7.6201,15078.0488,105.3104,0,0,0,3.4009,42406.793,238.2487,3637.9277,681.4324,856.8763,37.9611,0,1.648,17.9714,0.9523,41.8984,6.5411,542.4738,58.059,769.889,7.0337,0,1.8638,162.5353,2.3632,0,0,1910.3802,28.3132,88.1115,4.5001,0,1.5139,328156.7812,361.2373,13.8335,3.4813,142.1857,1.0951,0,0,8.818,2.1733,1523.8307,32.4192,0,2.0583,46.3721,8.2285,0,12.3106,28.5239,1.3687,722.6289,11.0431,254.2004,2.1305
634,ucsb mining,211.13,0,0,0,0,"Sun Mar 6, 2022 - 13:46:09",User,2,ppm,Mining,,,SdAR_M2,,,,9.3955,1.5296,69947.0703,500.4973,35.2708,7.0242,0,6.4076,937.933,32.5975,534674,1681.6082,0,3.4247,5617.4941,100.9883,0,3.2494,918.2027,21.9475,0,51.0317,95.3519,5.6628,229.1604,8.0927,15052.3584,111.2608,0,0,0,3.6217,41461.4219,230.0253,4672.2476,705.4269,824.8918,39.6674,0,1.7475,16.7103,1,46.8792,6.955,700.0646,62.7204,767.0384,7.4249,0,1.872,163.2841,2.501,0,0,2626.5449,31.2821,91.1215,4.5399,0,1.5703,318492.5625,358.9097,14.6991,3.4998,143.4775,1.1626,0,0,11.1038,2.3137,1407.958,31.9059,0,2.1624,38.5991,7.9017,0,13.3996,30.2061,1.4557,722.8076,11.6792,252.2068,2.2473
600,ucsb mining,211.64,0,0,0,0,"Sun Mar 6, 2022 - 10:46:44",User,2,ppm,Mining,,,SdAR_M2_A,,,,12.3512,1.5629,68279.4219,494.6432,33.3159,6.6963,0,6.3343,964.6183,32.5639,535933.0625,1613.0829,0,3.1395,4937.1836,96.4464,0,3.2421,697.2529,20.9383,0,48.9348,92.0597,5.6737,220.3697,7.5881,14946.7168,105.6359,0,0,0,3.3351,42932.7695,234.2673,3980.6978,692.026,817.9826,37.6011,0,1.6635,16.9333,0.9568,37.0747,6.5065,509.5729,58.7983,771.8271,7.0907,0,1.8498,161.0492,2.3756,0,0,2037.0734,28.4843,92.3823,4.5228,0,1.5412,319823.2188,357.4341,18.8153,3.5061,144.3985,1.1103,0,0,11.2897,2.1667,1482.0925,32.2127,0,3.0341,35.7453,7.9763,0,12.6854,30.5423,1.3873,723.6652,11.1275,256.4261,2.1547
603,ucsb mining,210.96,0,0,0,0,"Sun Mar 6, 2022 - 10:59:55",User,2,ppm,Mining,,,SdAR_M2_B,,,,9.3892,1.5265,72060.9453,506.9223,35.1874,6.7794,0,6.6784,969.94,32.6925,525471.8125,1651.2225,0,3.0859,4919.6392,93.9428,0,3.271,0,24.7996,0,49.2386,103.2959,5.7331,218.3813,7.6488,15227.5693,107.6969,0,0,0,3.4262,43774.4805,233.3806,4044.0059,692.0087,844.8469,38.5069,0,2.4245,16.9866,0.9651,43.5056,6.5853,421.5587,56.0734,770.8569,7.1673,0,1.8601,160.2013,2.3866,0,0,1804.9813,27.4912,85.6963,4.5041,0,1.5665,326289.5625,359.9307,21.3188,3.5235,143.5461,1.1202,0,0,9.3163,2.1421,1503.8536,32.1542,0,2.0579,43.4137,8.0413,0,12.6531,32.1429,1.408,739.8044,11.3652,233.7343,2.0979
542,ucsb mining,210.5,0,0,0,0,"Sat Feb 26, 2022 - 12:37:51",User,2,ppm,Mining,,,SdAR_M2,,,,13.991,1.6053,73393.9453,511.2505,30.1326,6.8144,0,6.5132,917.8428,32.7379,520814.375,1700.995,0,3.2231,6019.3276,105.3184,0,3.299,0,26.2717,0,49.6635,82.1058,5.6996,227.8957,7.8652,14576.0439,107.2492,0,0,0,5.001,42752.9805,238.0107,5767.2007,722.9814,827.6866,38.687,0,1.7101,17.1883,0.9795,31.471,6.5211,712.7746,63.6934,764.2795,7.2343,0,1.8505,159.4819,2.4133,0,0,2111.3591,29.1287,87.0903,4.5567,0,1.6104,328046.2188,361.9312,9.4782,3.5095,140.323,1.1231,0,0,11.3166,2.2182,1421.3352,32.687,0,2.0959,31.158,8.012,0,12.6979,32.7697,1.4274,733.3861,11.4685,266.7697,2.2409
569,ucsb mining,210.84,0,0,0,0,"Sat Feb 26, 2022 - 14:57:44",User,2,ppm,Mining,,,SdAR_M2,,,,13.7363,1.5879,73699.5703,512.9803,31.3636,6.6996,0,6.4193,938.7929,32.5657,520879.6562,1679.8986,0,3.1809,4548.5459,95.2954,0,3.2957,0,45.2299,0,48.8009,75.1996,5.5179,231.2113,7.7809,14698.4844,105.7394,0,0,0,4.1728,42363.6992,231.4505,5335.5532,716.1882,823.696,37.8868,0,1.6908,17.8873,0.9681,39.4788,6.56,668.3489,62.4313,763.1725,7.103,0,1.8811,161.4087,2.3903,0,0,1893.5204,28.4282,89.0527,4.527,0,1.5387,330077.4375,361.2699,12.3265,3.4915,141.9719,1.1097,0,0,10.7436,2.1793,1411.0249,32.2726,0,2.1032,35.4298,7.9137,0,12.749,31.825,1.4003,744.2137,11.3482,262.6852,2.1897
528,ucsb mining,210.35,0,0,0,0,"Sat Feb 26, 2022 - 11:34:50",User,2,ppm,Mining,,,SdAR_M2_A,,,,12.2078,1.5673,65337.8633,489.9903,31.5598,6.619,0,6.2455,948.4412,32.6227,547080.9375,1571.1721,0,3.136,4878.8638,97.9801,0,3.2581,0,25.3272,0,48.172,100.3025,5.8354,225.6582,7.5662,15012.252,104.4086,0,0,0,3.4347,42521.5,235.3819,3721.3784,690.0473,839.2675,37.4426,0,1.973,17.5989,0.946,43.4365,6.5308,541.6765,60.4725,776.7642,7.0183,0,1.8515,164.9653,2.3618,0,0,1797.4771,28.1062,87.0362,4.5176,0,1.51,313226.5,359.2184,10.5737,3.4883,142.5618,1.0894,0,0,11.0297,2.1521,1427.8855,32.8936,0,2.0357,32.4871,8.0391,0,16.4423,28.4251,1.3643,751.5182,11.1725,229.7514,2.0341
531,ucsb mining,211.24,0,0,0,0,"Sat Feb 26, 2022 - 11:48:27",User,2,ppm,Mining,,,SdAR_M2_B,,,,10.7239,1.5525,71076.7188,499.4354,31.1539,6.6739,0,6.2849,932.9108,32.6583,527164.4375,1634.2562,0,3.0291,5403.502,99.7071,0,3.2703,0,25.0588,0,48.5961,105.2331,5.8761,225.7725,7.6462,14659.2852,104.8335,0,0,0,4.3511,43646.7852,239.207,4538.8843,695.776,843.8429,37.9922,0,2.1109,16.3023,0.9473,36.1779,6.4757,570.5188,59.4655,770.1203,7.0796,0,1.8568,164.6203,2.384,0,0,1967.0491,28.0671,89.1912,4.5438,0,1.5378,325042.1562,358.2072,15.1253,3.5153,143.177,1.1055,0,0,11.2058,2.1299,1489.6117,32.5537,0,2.0269,38.2182,8.1158,0,12.1468,30.6876,1.389,735.6879,11.1987,240.8911,2.0983
498,ucsb mining,210.71,0,0,0,0,"Thu Feb 17, 2022 - 13:13:19",User,2,ppm,,,,SdAR_M2,Mining,,,10.4735,1.5533,72473.8516,508.0576,31.8289,6.7228,0,6.5141,926.0357,32.7152,525885.5625,1654.0887,0,3.2508,5375.0728,99.2069,0,3.279,159.9382,18.9125,0,48.3409,94.8666,5.6609,222.6882,7.6422,14736.1484,105.4097,0,0,0,3.4689,41777.3203,229.4987,4766.8018,705.9591,861.2945,38.3958,0,1.6742,18.3412,0.9673,44.5369,6.5903,653.0967,62.5199,775.5386,7.1269,0,1.8288,161.2599,2.3841,0,0,2564.8889,31.1408,88.2255,4.5516,0,1.5549,325762.75,359.4165,13.017,3.5129,141.7459,1.104,0,0,8.4886,2.1828,1403.0343,32.0154,0,2.9493,42.0994,7.944,0,13.3331,30.5542,1.3918,717.107,11.1153,253.5712,2.1485
482,ucsb mining,210.34,0,0,0,0,"Thu Feb 17, 2022 - 12:02:06",User,2,ppm,,,,SdAR_M2_A,Mining,,,11.1519,1.5669,73650.7188,510.8207,33.5164,6.6847,0,6.2053,944.8904,32.8861,519743.875,1638.6814,0,3.0902,5232.605,97.6336,0,3.8633,0,24.3674,0,48.5901,88.7356,5.6789,229.3206,7.6386,14973.5439,104.9606,0,0,0,3.4232,43533.832,235.8091,3555.3804,683.0799,872.2065,38.105,0,1.9626,18.8446,0.961,35.9731,6.4187,551.7057,60.7372,781.887,7.0797,0,1.8935,162.8121,2.362,0,0,1832.1409,27.9258,91.442,4.5803,0,1.4963,330926.3125,361.3518,14.6434,3.5294,142.8669,1.0967,0,0,10.1933,2.137,1508.5583,32.421,0,2.0574,33.9921,8.0118,0,12.4352,32.6321,1.3901,736.2581,11.125,250.0405,2.1151
485,ucsb mining,211.26,0,0,0,0,"Thu Feb 17, 2022 - 12:14:56",User,2,ppm,,,,SdAR_M2_B,Mining,,,11.0505,1.5425,73435.4766,511.38,33.3723,6.6009,0,6.4535,925.4014,32.3148,519990.1562,1652.2067,0,3.0527,5160.1411,96.9225,0,3.2388,0,24.9603,0,47.7626,86.2608,5.6032,218.3792,7.4569,14560.9795,103.2395,0,0,0,3.8128,43144.5156,232.5976,5106.2734,711.0764,819.514,37.1446,0,1.646,16.3708,0.9349,39.3503,6.4454,607.2402,62.2549,769.8989,6.9895,0,1.8427,161.6657,2.3395,0,0,1851.3478,27.9792,91.1438,4.5113,0,1.5493,330297.625,360.0614,13.3463,3.4744,141.8069,1.0867,0,0,10.8845,2.1182,1454.1752,32.3113,0,2.028,33.5722,7.9233,0,12.3145,29.52,1.363,732.4136,11.0369,258.2115,2.1299
427,Mining ucsb,210.98,0,0,0,0,"Thu Feb 10, 2022 - 13:20:22",User,2,ppm,Mining,,,SdAR_M2_A,,,,13.5785,1.6378,70790.1172,497.8877,33.4476,6.6423,0,6.328,938.1765,33.6203,527680.0625,1619.9008,0,3.0248,5788.5801,99.5014,0,3.3723,99.1867,18.3228,0,48.2494,108.8646,5.7923,219.8406,7.5528,14587.7969,104.3458,0,0,0,3.7248,43911.875,235.1861,3675.7966,682.2005,807.1658,37.3493,0,1.6699,15.8388,0.9408,38.4841,6.4877,718.2428,64.9349,763.2662,7.0323,0,1.942,163.4275,2.3708,0,0,2105.9868,28.7803,88.0716,4.6678,0,1.5919,324793.4688,357.2959,17.7505,3.6298,141.2915,1.0959,0,0,11.2805,2.1217,1419.2083,31.306,0,2.0253,36.5461,7.8142,0,12.3005,28.6704,1.3735,743.6038,11.2235,260.3684,2.1587
430,Mining ucsb,210.11,0,0,0,0,"Thu Feb 10, 2022 - 13:55:58",User,2,ppm,Mining,,,SdAR_M2_B,,,,13.2385,1.5849,72665.6641,508.3154,29.7769,6.605,0,6.398,932.418,32.6068,523517.8438,1643.6052,0,3.1387,5726.5054,99.103,0,3.2432,0,26.9728,0,47.8206,92.369,5.6401,217.1387,7.4729,14574.3027,103.7742,0,0,0,4.1157,43312.3203,231.8291,4679.769,705.7287,832.7541,37.5142,0,1.6559,16.9211,0.9437,35.921,6.3614,768.5423,65.5836,768.0614,7.0129,0,1.8373,162.8182,2.3622,0,0,2067.7944,28.9297,88.8158,4.5342,0,1.5305,326849.4062,359.0587,16.333,3.5176,142.427,1.0939,0,0,8.5754,2.1309,1434.0615,31.9317,0,2.0713,41.2139,7.9374,0,12.3175,29.1102,1.3683,723.8493,11.0302,252.0841,2.1187
413,Mining,211.59,29.01,29.08,28.75,118.39,"Fri Feb 4, 2022 - 11:20:28",User,2,ppm,Mining,,,SdAR_M2,,,,11.9064,1.5652,73129.7656,505.1088,31.6901,6.8169,0,6.514,927.766,32.5381,522996.8125,1676.4204,0,3.2928,5058.4424,98.4403,0,3.9382,0,24.8662,0,48.9539,92.7202,5.6883,226.6793,7.8342,14542.2539,106.8029,0,0,0,4.1725,42414.1367,232.9473,4697.9927,696.6846,830.8356,38.6173,0,1.702,17.1586,0.9747,42.1957,6.646,666.9682,61.5519,767.7479,7.2252,0,1.8837,160.604,2.4178,0,0,1989.3502,28.6097,86.4932,4.5196,0,1.5902,328642.4688,359.0085,13.0194,3.4938,142.5856,1.1278,0,0,7.6874,2.2053,1454.7891,32.3068,0,2.12,33.2807,7.939,0,12.8689,30.0613,1.412,730.2597,11.4133,254.3129,2.1908
395,Mining,210.21,29.44,29.47,28.71,116.36,"Fri Feb 4, 2022 - 10:06:18",User,2,ppm,Mining,,,SdAR_M2_A,,,,14.974,1.6231,66849.9141,490.0121,33.7744,6.6438,0,6.5674,953.217,33.0065,542995.8125,1591.6619,0,3.1188,5247.8169,96.6754,0,3.2869,0,25.5061,0,48.1739,101.4725,5.6504,228.1054,7.6747,14581.7344,104.3382,0,0,0,3.4704,42594.7383,228.6488,4107.7378,692.0894,825.9424,37.6268,0,1.6612,16.4993,0.9487,42.8603,6.5899,605.4948,60.683,762.532,7.0289,0,1.8741,163.4012,2.3768,0,0,1863.8091,28.1578,92.012,4.5902,0,1.5913,315359.4688,356.2137,16.5831,3.5508,144.0578,1.106,0,0,8.8779,2.1298,1334.0881,31.272,0,2.0607,37.3654,7.71,0,13.2875,29.6995,1.3786,744.1024,11.2396,243.938,2.104
398,Mining,210.83,29.47,29.47,29.52,114.11,"Fri Feb 4, 2022 - 10:18:30",User,2,ppm,Mining,,,SdAR_M2_B,,,,15.0447,1.5793,70043.2109,503.2958,40.8671,6.9053,0,6.7556,919.1067,31.9273,528343.1875,1679.3021,0,3.1125,6706.6689,105.155,0,3.1988,24.584,18.1583,0,50.2055,109.6807,5.8474,216.2715,7.8148,14606.5371,108.7064,0,0,0,3.5371,43634.7656,236.3911,4730.6709,712.3175,822.1996,39.0742,0,2.0724,14.7949,0.973,40.1359,6.7835,782.0871,66.0763,751.1749,7.2633,0,1.8464,163.2697,2.4687,0,0,2174.0999,29.5003,88.6561,4.4494,0,1.6585,323155.4688,362.2041,14.0863,3.4432,142.243,1.1441,0,0,10.2648,2.1786,1398.6846,31.4411,0,2.1208,44.1128,7.9414,0,12.8792,30.291,1.4329,739.969,11.658,237.8471,2.1657
10,Mining,211.04,29.55,30,29.06,116.1,"Thu Jan 6, 2022 - 17:03:01",User,2,ppm,Mining,,,SdAR_M2,,,,12.3411,1.5339,75425.75,515.0188,34.7537,6.6656,0,6.2057,944.1542,31.8583,513380.0625,1674.4486,0,3.1449,5175.5059,99.623,0,3.1818,0,25.7373,0,47.6354,89.5756,5.7371,229.1108,7.6411,14518.7412,103.8153,0,0,0,3.2931,42857.8906,237.0683,5141.9575,709.1887,861.4345,38.0651,0,1.8114,18.44,0.9521,40.1331,6.4192,652.66,62.7708,773.6202,7.0494,0,1.8026,161.495,2.3504,0,0,1825.3926,27.8331,89.0111,4.4234,0,1.4988,335116.3438,361.7178,10.6871,3.4022,140.4017,1.0885,0,0,7.7203,2.1279,1449.8524,32.7323,0,2.0121,34.4368,8.0592,0,12.2048,28.03,1.3651,726.231,11.0645,254.2109,2.1282
17,Mining,210.21,29.33,29.07,29.86,114.58,"Thu Jan 6, 2022 - 17:32:12",User,2,ppm,Mining,,,SdAR_M2,,,,9.9521,1.5166,70249.7578,507.7804,32.3553,6.6315,0,6.4857,931.2048,32.1081,524857.4375,1654.4789,0,3.2831,14171.6221,139.2697,0,3.2398,3364.6113,29.9651,0,48.4992,94.0312,5.7252,228.9182,7.6563,14820.3457,105.0868,0,0,0,3.4502,40404.8906,226.6335,6173.7949,757.9102,834.6803,37.7343,0,1.644,17.207,0.9505,34.3794,6.3933,1677.3286,86.1566,764.3229,7.0304,0,1.8581,161.7924,2.3659,0,0,3591.8364,35.429,89.9369,4.4748,0,1.5347,314919.25,358.8307,15.6199,3.4568,145.1549,1.1084,0,0,8.1023,2.1778,1383.1682,32.3141,0,2.0677,38.7122,7.9673,0,12.7142,29.3059,1.3731,720.7417,11.0584,229.4451,2.0523
4,Mining,210.87,28.81,29.15,28.69,117.65,"Thu Jan 6, 2022 - 16:37:18",User,2,ppm,Mining,,,SdAR_M2_B,,,,10.448,1.5462,73761.4219,499.9102,34.7921,6.6735,0,6.1608,938.2629,32.6335,518190.5312,1619.9144,0,3.0434,4791.1274,93.2163,0,3.2588,0,24.1822,0,48.596,108.4528,5.7523,225.4985,7.6141,15011.9619,105.3817,0,0,0,4.928,44140.6836,234.388,2863.426,656.8471,831.5198,37.6202,0,2.5561,17.427,0.9483,47.7875,6.6514,418.0769,54.9364,772.5816,7.0595,0,1.8699,164.1366,2.369,0,0,1709.1694,26.9021,89.3041,4.5369,0,1.516,333147.3125,356.9269,13.8978,3.5013,142.3686,1.0977,0,0,10.7054,2.1246,1527.8887,31.9302,0,2.0066,33.7339,7.9082,0,12.3831,29.54,1.3766,745.0733,11.2111,222.7309,2.024
2,Mining,327.81,74.83,74.72,73.41,74.4,"Thu Jan 6, 2022 - 16:24:41",User,2,ppm,Mining,,,SdAR_M2_A,,,,12.8614,0.9988,69052.4062,639.236,33.7624,4.2152,0,3.94,944.0779,20.6517,535398.5625,1421.1884,0,2.0002,4555.1294,58.2449,0,2.0723,0,30.9836,0,30.2303,108.883,3.6174,229.1058,4.835,14623.3369,66.2408,0,0,0,2.1433,43284.125,146.8495,3538.4792,876.818,837.4509,23.8439,0,1.0425,16.7078,0.5963,40.9671,4.0873,358.2488,70.6447,775.5715,4.4727,0,1.1695,163.3253,1.4956,0,0,1623.6755,34.5448,90.4902,2.8711,0,0.9714,321692.875,416.4868,15.9811,2.2193,142.1353,0.6934,0,0,8.0816,1.3521,1422.8458,19.8714,0,1.2756,35.3667,4.9098,0,7.8168,28.7702,0.8666,725.4632,7.003,241.2314,1.3227
11,Mining,211.76,29.89,29.7,29.77,115.11,"Tue Dec 14, 2021 - 14:11:36",User,2,ppm,,,,SdAR_M2,Mining,,,14.4171,1.5527,74073.8672,514.5343,30.9704,6.4711,0,6.4019,918.2585,31.5282,517723.6875,1638.512,0,3.0828,5197.6235,96.6791,0,3.1881,104.8189,18.6967,0,46.9702,89.8805,5.5369,216.8943,7.33,14489.0293,101.5771,0,0,0,3.3067,42334.2305,227.8643,4660.4912,706.97,826.5482,36.671,0,1.6275,15.9863,0.9181,40.2033,6.3652,746.7682,65.0439,764.1268,6.8633,0,1.8014,162.9602,2.3175,0,0,2012.5153,29.0152,87.7466,4.3911,0,1.5402,332808.9375,360.7502,13.4441,3.3931,141.663,1.0703,0,0,8.0381,2.0844,1452.426,30.8169,0,2.0216,47.8613,7.8256,0,12.192,28.8205,1.3397,727.1967,10.843,260.4261,2.1054
18,Mining,210.78,29.73,29.08,29.88,115.09,"Tue Dec 14, 2021 - 14:41:32",User,2,ppm,,,,SdAR_M2,Mining,,,10.3437,1.5156,73482.2969,520.4799,29.4974,6.6184,0,6.1228,938.9119,32.0105,517430.1875,1692.2396,0,3.2189,5846.6836,105.3369,0,3.2312,709.0023,21.4763,0,48.1037,87.5558,5.8114,222.3339,7.5925,14414.1982,103.9185,0,0,0,3.5904,41852.6758,237.2306,5760.0791,737.7466,824.9637,37.6808,0,1.6482,16.5136,0.947,42.8039,6.5989,926.1751,70.0886,761.7097,7.0264,0,1.8334,161.2153,2.3653,0,0,2302.1062,30.5542,92.5346,4.4666,0,1.5013,331525.3125,365.9185,12.2872,3.4244,141.2417,1.096,0,0,8.1268,2.1562,1379.9363,33.4062,0,2.0832,41.4559,8.2398,0,12.6632,30.5126,1.3786,711.8854,11.0171,237.4371,2.0797
27,Mining,211.22,28.86,29.64,29.18,117.26,"Tue Dec 14, 2021 - 15:20:06",User,2,ppm,,,,SdAR_M2,Mining,,,11.9877,1.5658,74890.2188,516.0539,37.1877,6.6822,0,6.5411,940.7787,32.5818,514731.5938,1713.7823,0,3.2398,5111.4995,98.3797,0,3.574,97.8143,18.6115,0,48.1936,88.8481,5.612,224.2195,7.6699,14411.2119,104.7034,0,0,0,3.4112,41839.8945,230.0194,6083.6235,728.2574,817.7107,37.8045,0,1.6953,15.3267,0.9612,36.9776,6.4623,732.5062,64.3885,754.6524,7.0484,0,1.8594,157.0005,2.3633,0,0,2059.5046,29.0748,89.836,4.5303,0,1.5699,334234.625,361.2935,15.5401,3.4952,143.6064,1.1124,0,0,8.4568,2.1677,1427.8876,32.1513,2.0342,1.4303,41.0084,7.9662,0,14.3611,32.0749,1.3902,707.7671,11.0725,254.5827,2.1565
1,Mining,210.68,29.93,29.23,29.33,116.55,"Tue Dec 14, 2021 - 13:28:56",User,2,ppm,,,,SdAR_M2_A,Mining,,,14.3449,1.5866,71297.0938,502.3617,32.7,6.5519,0,6.3481,947.158,32.3848,526448.4375,1608.1172,0,2.9723,5358.7344,95.8279,0,3.2491,0,26.9048,0,47.8742,85.4334,5.5656,228.9348,7.5646,14814.1416,103.5903,0,0,0,3.8663,44102.707,233.0827,3654.3879,685.1061,837.5314,37.2151,0,1.6481,16.5367,0.9336,35.5739,6.335,559.2279,59.736,764.5753,6.9404,0,1.823,163.9289,2.3411,0,0,1864.7538,27.8515,86.6613,4.4829,0,1.5161,326008.1562,358.3363,13.8971,3.471,142.3652,1.085,0,0,10.0997,2.0796,1448.1594,31.5989,0,1.9898,40.6039,7.8868,0,12.1788,29.9735,1.3618,733.6821,11.0077,260.2448,2.1292
4,Mining,210.82,29.21,28.98,29.52,117.78,"Tue Dec 14, 2021 - 13:42:11",User,2,ppm,,,,SdAR_M2_B,Mining,,,11.1736,1.5284,72271.2188,502.8635,34.8362,6.7706,0,6.4313,928.6151,31.9913,524214.625,1663.4753,0,3.1031,5160.7539,95.7933,0,3.1872,0,24.7905,0,49.8054,96.1799,5.6865,218.0341,7.6934,14693.958,107.0235,0,0,0,4.2767,43524.7695,234.5135,4459.0532,694.1305,839.2255,38.6784,0,1.6826,16.7412,0.9656,32.0024,6.5237,512.8033,58.4435,756.5864,7.1549,0,1.8056,160.7607,2.4007,0,0,1797.2751,27.3053,88.9991,4.4517,0,1.5164,327447.1562,358.5935,16.8877,3.4495,139.9251,1.1154,0,0,8.9872,2.1458,1544.6791,32.2007,0,2.0236,33.7635,7.9772,0,12.5972,28.5281,1.3972,723.7543,11.3394,238.6957,2.1284
19,Mining,210.44,29.36,28.94,28.81,116.87,"Thu Dec 9, 2021 - 16:34:51",User,2,ppm,,,,SdAR_M2,Mining,,,10.6278,1.5322,75473.8125,515.9223,33.2094,6.7254,0,6.4748,912.059,32.1422,512092.375,1692.6256,0,3.2183,4181.7329,93.4121,0,3.2347,0,25.8885,0,48.3199,102.1685,5.7699,229.0058,7.7566,14584.6875,105.4952,0,0,0,3.5137,42352.0234,232.9497,4803.8716,702.738,848.7677,38.3766,0,1.6723,18.0384,0.9666,41.029,6.5242,452.811,56.7454,766.1786,7.1192,0,1.8297,159.1312,2.3766,0,0,1687.6074,27.39,86.7085,4.4744,0,1.5422,338569.5938,363.5995,12.1381,3.4505,142.125,1.1104,0,0,9.136,2.1772,1405.175,32.6408,0,2.1498,33.4809,7.9618,0,18.1463,30.037,1.3898,711.4734,11.1309,250.9409,2.1493
5,Mining,209.96,29.46,29.87,29.44,115.09,"Thu Dec 9, 2021 - 15:20:17",User,2,ppm,,,,SdAR_M2_A,Mining,,,11.507,1.545,61693.5391,474.6685,42.7029,6.9099,0,6.5691,933.6917,32.2656,556673.5,1565.0394,0,3.2901,4701.1245,94.553,0,3.2525,0,24.4045,0,49.6106,99.8704,5.793,226.239,7.8519,14753.1572,107.5463,0,0,0,4.4552,43896.1094,236.8175,3019.1958,675.486,853.3014,39.1396,0,1.7182,17.6145,0.9856,42.4435,6.7481,387.9427,54.6713,773.2212,7.2593,0,1.834,165.4604,2.4562,0,0,1657.839,27.2402,88.8494,4.4873,0,1.5536,307183.625,357.5475,13.9253,3.465,143.0456,1.1318,0,0,8.9194,2.2206,1548.9265,32.6491,0,2.1472,37.4274,8.114,0,13.031,30.5839,1.4263,735.7538,11.4747,260.5076,2.2178
37,Mining,210.93,29.97,29.49,29.68,114.17,"Tue Dec 14, 2021 - 13:20:21",User,2,ppm,,,,SdAR_M2_A,Mining,,,10.7229,1.5356,65170.957,492.2555,31.6003,6.6349,0,6.2081,920.6173,32.2357,547329.1875,1576.5854,0,3.1541,4478.1035,94.0845,0,3.2092,0,24.9492,0,47.8652,86.0292,5.6157,227.4284,7.6199,14837.1299,104.3248,0,0,0,4.2415,42311.0781,231.657,3419.2817,687.4261,807.7233,37.1379,0,1.6475,15.9084,0.9398,43.0745,6.4908,472.3518,57.9131,773.7249,7.0326,0,1.8435,162.8497,2.364,0,0,1600.5809,27.2533,87.4635,4.4841,0,1.5011,314560.125,360.2616,9.3146,3.4509,141.5388,1.0905,0,0,9.1222,2.1431,1464.824,32.0886,0,2.5009,38.1968,7.9599,0,12.694,27.8526,1.3645,726.6589,11.0526,236.7362,2.0652
6,Mining,210.8,29.99,29.99,29.81,114.77,"Thu Dec 9, 2021 - 15:24:29",User,2,ppm,,,,SdAR_M2_B,Mining,,,11.9646,1.5665,71605.8672,510.3384,35.6047,6.7401,0,6.3119,918.6922,32.4841,524482.0625,1663.9408,0,3.0917,4548.6299,91.1581,0,3.275,0,24.0802,0,49.272,102.6624,5.6577,217.6719,7.6641,14641.9023,106.3076,0,0,0,3.4061,42933.5586,229.8467,3688.6155,691.3517,820.1075,38.2133,0,2.4291,16.1577,0.9597,40.8737,6.6825,401.8719,57.077,755.2526,7.1183,0,1.8661,161.0792,2.4004,0,0,1705.817,27.42,91.7618,4.5434,0,1.5437,330245.8125,362.9312,12.0883,3.4843,141.3658,1.1154,0,0,11.209,2.1577,1384.505,31.5262,0,2.0806,37.9918,7.7898,0,12.5974,27.342,1.386,720.8129,11.269,238.8011,2.1213
3,Mining,210.35,29.06,28.99,28.81,116.63,"Mon Jan 10, 2022 - 11:56:42",User,2,ppm,Mining,,,,,,SdAR_M2_A,11.0901,1.5726,63732.1562,477.5032,38.0641,6.7188,0,6.5651,954.0952,33.0896,553430.5,1542.3218,0,3.1772,5829.5859,103.738,0,3.3022,0,27.0584,0,48.3984,95.3605,5.7826,235.2076,7.7334,14824.1426,104.6395,0,0,0,3.4615,42161.418,234.0494,3017.8662,670.2977,842.5658,37.8615,0,2.1918,18.5863,0.9626,35.491,6.4254,661.9288,62.0816,781.8785,7.0884,0,1.8871,165.0424,2.3762,0,0,2255.4355,29.9308,91.2094,4.5971,0,1.5578,308119.9688,355.1126,15.4401,3.5508,144.5906,1.1044,0,0,9.1864,2.1577,1467.5089,32.6249,0,2.0323,34.9709,8.044,0,12.6282,31.2728,1.3899,737.8029,11.1566,257.6198,2.1451
5,Mining,211.02,29.56,29.59,28.24,116.97,"Mon Jan 10, 2022 - 12:05:08",User,2,ppm,Mining,,,,,,SdAR_M2_B,11.5854,1.5654,68753.6797,490.2687,37.6586,6.6357,0,6.3622,948.0866,32.7434,534476.5625,1592.1067,0,3.0478,6440.0815,103.0615,0,3.638,45.3039,18.046,0,48.5215,86.319,5.6163,227.6321,7.6469,14880.3887,105.1412,0,0,0,3.9739,43213.1523,233.3229,3541.1716,679.4302,823.7183,37.5143,0,1.9189,17.616,0.9561,34.995,6.3953,621.7413,61.9492,757.239,6.9999,0,1.8825,159.565,2.343,0,0,2147.0549,28.9513,90.4465,4.552,0,1.5388,319878.1875,356.0243,12.2719,3.4986,143.8163,1.1041,0,0,11.8279,2.1282,1587.0854,32.3713,0,2.0125,39.5977,8.0923,0,12.5124,33.3185,1.3877,741.4154,11.2036,238.5117,2.0839
11,Mining,210.74,29.24,29.66,29.96,115.72,"Mon Jan 10, 2022 - 12:31:40",User,2,ppm,Mining,,,,,,SdAR_M2,9.7024,1.4931,71595.2734,505.3616,34.5199,6.8083,0,6.3303,943.0839,31.7555,525686.125,1668.2915,0,3.2067,7669.1528,109.7155,0,3.1922,785.03,21.2759,0,48.9574,98.2762,5.6797,228.1957,7.8114,14643.1914,106.5954,0,0,0,3.5216,42387.4609,229.8612,5525.8564,724.6162,844.555,38.6834,0,1.6952,18.1939,0.9754,43.6492,6.6738,787.3022,67.1124,771.6185,7.2031,0,1.7882,163.4692,2.4159,0,0,2568.552,30.9942,89.0329,4.4103,0,1.5384,322399.8125,358.5226,17.4447,3.4177,141.7444,1.1187,0,0,9.3835,2.1892,1495.7367,32.0445,0,2.0524,42.7277,8.0046,0,12.8989,29.2675,1.4052,713.1468,11.2309,258.4623,2.194
17,Mining,210.8,29.75,29.39,29.93,115.14,"Mon Jan 10, 2022 - 12:53:04",User,2,ppm,Mining,,,,,,SdAR_M2,10.2228,1.5643,72013.9297,506.7243,30.2723,6.5185,0,6.3753,932.8511,33.0629,522918.9375,1627.0056,0,3.1337,7963.5869,111.7568,0,3.3003,713.5338,21.0509,0,47.0162,99.5726,5.7056,221.7246,7.3947,14962.8115,102.8953,0,0,0,3.37,41562.2812,227.9531,5710.2012,727.4138,854.3915,37.1239,0,1.601,17.461,0.9287,49.4,6.4591,916.6339,69.2618,778.2458,6.9223,0,1.9125,162.1508,2.3125,0,0,2611.2708,31.3656,92.2133,4.6145,0,1.5145,324732.7812,357.9194,15.959,3.5601,143.7385,1.0772,0,0,8.1932,2.1093,1444.8263,32.2702,0,2.0244,40.8623,7.9866,0,12.4464,29.29,1.3439,736.7282,10.9019,225.9188,1.9897
24,Mining,210.3,29.88,29.82,29.94,114.25,"Mon Jan 10, 2022 - 13:23:19",User,2,ppm,Mining,,,,,,SdAR_M2,10.919,1.517,68346.0859,501.2073,37.4137,6.5104,0,6.3723,949.9352,31.9348,534254.3125,1600.7903,0,3.1583,11376.1045,126.8818,0,3.9559,1803.6646,25.2566,0,47.3819,106.2672,5.7363,227.6518,7.4815,14948.1377,103.0623,0,0,0,3.2521,40186.2656,224.085,5292.1875,735.4307,840.6378,37.0419,0,1.6105,16.1287,0.9241,45.4205,6.4502,1356.4045,79.9758,763.381,6.8733,0,1.8433,161.4122,2.3072,0,0,3694.1304,35.7399,95.5536,4.4641,0,1.5291,312785.8125,357.2938,16.5984,3.4319,146.5846,1.089,0,0,10.7332,2.1338,1486.6633,31.8434,0,1.9888,41.974,7.9539,0,12.2933,31.3738,1.3519,737.2346,10.9245,230.9851,2.0144
676,ucsb mining,210.53,0,0,0,0,"Sun Mar 13, 2022 - 15:25:38",User,2,ppm,,,,SdAR_M2_A,Mining,,,12.7239,1.6249,67319.0938,499.1876,32.4127,6.5965,0,6.5921,948.5658,33.6623,539475.6875,1602.7168,0,3.1301,5093.0845,96.8684,0,3.3765,40.3283,18.4575,0,48.0265,125.0458,5.8764,219.1891,7.4659,15116.334,104.5436,0,0,0,3.3951,42436.6289,231.2124,4360.9448,706.4884,848.2877,37.6231,0,1.6274,16.2153,0.9366,36.689,6.3246,590.8517,59.9692,772.3245,6.9884,0,1.9093,160.3311,2.3335,0,0,2219.1897,29.6364,91.3693,4.6839,0,1.5629,317388.9062,359.2451,15.1651,3.62,143.7502,1.092,0,0,7.5299,2.1125,1491.2876,31.4866,0,2.0606,38.7614,7.8834,0,12.6472,30.2807,1.3644,736.7106,11.0573,232.2227,2.0385
679,ucsb mining,210.77,0,0,0,0,"Sun Mar 13, 2022 - 15:39:30",User,2,ppm,,,,SdAR_M2_B,Mining,,,12.9407,1.5488,71231.7812,504.8523,41.3311,6.8507,0,6.4493,960.606,32.0814,526823.875,1659.0198,0,3.213,5803.3281,99.677,0,3.176,163.4768,18.7195,0,50.1198,102.2463,5.7505,227.8671,7.8182,15076.6738,107.9534,0,0,0,3.4252,43547.3906,235.1499,4604.3325,706.1709,844.3475,38.6816,0,2.7698,16.2973,0.9642,42.5961,6.7605,630.2842,61.8254,769.5696,7.2088,0,1.8124,162.5994,2.412,0,0,2395.3022,29.9649,92.9546,4.4609,0,1.5841,323687.3125,359.9068,13.5937,3.4308,142.7869,1.1243,0,0,10.7029,2.2024,1548.5801,32.172,0,2.0337,37.0823,8.0253,0,12.5821,31.0928,1.414,740.9093,11.44,238.1201,2.1275
690,ucsb mining,211.65,0,0,0,0,"Sun Mar 13, 2022 - 16:29:17",User,2,ppm,,,,SdAR_M2,Mining,,,14.6938,1.6211,72153.8672,511.6022,34.7835,6.6632,0,6.4816,951.3881,33.0267,523598.9375,1645.0629,0,3.2054,4996.6963,97.7706,0,3.3231,412.0601,20.2056,0,48.8714,113.7501,5.873,222.4428,7.6117,15035.9473,105.734,0,0,0,4.0725,42531.375,233.1084,3271.0391,684.5579,792.3341,37.1714,0,1.6723,15.1139,0.9403,44.5786,6.638,639.9935,61.3055,762.9147,7.0455,0,1.8671,160.7205,2.3693,0,0,2481.144,30.9576,87.5119,4.575,0,1.5721,329004.5938,362.5497,11.5397,3.5331,142.8651,1.1038,0,0,11.9896,2.1885,1438.6722,32.0165,0,2.456,47.125,8.0581,0,12.8692,29.2413,1.3763,740.6877,11.2334,252.0692,2.137
723,ucsb mining,211.36,0,0,0,0,"Fri Apr 1, 2022 - 08:25:34",User,2,ppm,Mining,,,,,,SdAR_M2_A,13.3549,1.5728,70777.1953,502.7412,32.0655,6.7127,0,6.4207,971.0146,32.5207,528128.1875,1638.4645,0,3.1221,5352.793,97.5162,0,3.2356,0,26.1833,0,49.2971,83.4999,5.5998,233.882,7.7965,15184.2285,106.9452,0,0,0,4.6618,43593.1836,234.9332,4107.9946,693.8178,845.7585,38.2394,0,1.69,16.6663,0.9586,27.4461,6.2641,582.6544,60.3506,767.9665,7.1151,0,1.8662,161.3736,2.3822,0,0,2075.1221,28.6961,97.2413,4.536,0,1.5639,324249.9062,359.1328,24.9942,3.5266,142.5498,1.1106,0,0,10.1563,2.1553,1454.4644,31.9226,0,2.0662,35.3749,7.9114,0,12.3895,31.8633,1.4006,733.4251,11.2586,265.6942,2.1971
726,ucsb mining,211.34,0,0,0,0,"Fri Apr 1, 2022 - 08:37:57",User,2,ppm,Mining,,,,,,SdAR_M2_B,12.4221,1.5381,71553.4141,504.4564,36.4179,6.7174,0,6.3492,953.549,31.9662,527191.75,1629.3767,0,3.1005,5974.7363,99.5567,0,3.2074,109.1952,18.4241,0,49.2813,102.166,5.6915,231.2448,7.7227,15174.626,106.3122,0,0,0,3.348,43432.6172,232.1072,4047.0017,693.3691,844.53,38.0756,0,2.2315,17.5056,0.9541,45.4033,6.6844,644.4998,62.0759,773.7318,7.0962,0,1.8716,161.7851,2.3705,0,0,2279.03,29.5418,89.9564,4.4374,0,1.5318,323658.75,358.7446,14.1184,3.4257,143.0509,1.1052,0,0,9.2638,2.1346,1466.7119,31.8541,0,2.051,29.1843,7.8015,0,12.2018,28.3906,1.3759,748.9742,11.2893,225.995,2.0454
735,ucsb mining,210.11,0,0,0,0,"Fri Apr 1, 2022 - 09:17:26",User,2,ppm,Mining,,,,,,SdAR_M2,13.8828,1.5702,72198.6172,511.1062,40.871,6.7789,0,6.6017,944.6295,32.1848,525440.1875,1660.7294,0,3.1439,6086.2124,101.1594,0,3.22,395.0433,19.971,0,49.4228,77.8594,5.4441,222.3795,7.6998,14967.9102,107.0132,0,0,0,3.4408,42352.7422,228.073,4414.6792,706.9668,847.519,38.4544,0,1.6925,17.7137,0.9706,42.8652,6.6725,843.0059,67.5708,762.6066,7.1338,0,1.8504,160.9212,2.3929,0,0,2527.4177,31.1511,87.6139,4.4618,0,1.586,324861.7812,361.05,16.5675,3.4671,144.1957,1.1227,0,0,11.0266,2.1722,1465.8234,31.6128,0,2.0723,41.9655,7.8816,0,12.416,32.1577,1.4074,725.0057,11.263,256.8186,2.1807
741,ucsb mining,210.68,0,0,0,0,"Fri Apr 1, 2022 - 09:42:24",User,2,ppm,Mining,,,,,,SdAR_M2,15.9911,1.5984,70600.0938,507.1661,25.5216,6.6622,0,6.4989,955.0173,32.2245,530364.6875,1646.4995,0,3.1688,6112.4922,101.588,0,3.2267,450.9392,20.1859,0,48.8328,103.4506,5.6425,227.5462,7.6937,15118.3994,106.3028,0,0,0,4.1871,41896.4297,227.6033,5122.9678,719.647,843.2852,38.1127,0,1.6707,16.2787,0.9476,46.6654,6.6412,783.8932,65.5935,771.8338,7.0997,0,1.8601,162.7603,2.3816,0,0,2536.9956,31.0762,89.0291,4.4666,0,1.5605,321184.625,359.2639,15.6742,3.4611,141.7874,1.1027,0,0,8.819,2.1569,1349.0935,30.9981,0,2.0623,38.4158,7.6922,0,12.63,27.7186,1.3769,732.4774,11.2018,257.0305,2.157
754,ucsb mining,210.59,0,0,0,0,"Fri Apr 1, 2022 - 10:36:51",User,2,ppm,Mining,,,,,,SdAR_M2,13.7326,1.5963,68161.1797,496.4933,27.5522,6.6872,0,6.5323,955.8088,32.8173,538176.1875,1631.5577,0,3.2178,7511.3291,112.2622,0,3.2752,964.6896,22.0792,0,49.1064,97.1133,5.7702,220.1911,7.6509,14873.2969,106.3798,0,0,0,3.5005,41233.4492,232.6571,5208.9346,719.0245,792.0499,37.4973,0,1.6762,16.13,0.955,40.3033,6.5994,1102.6234,72.7317,762.9519,7.1145,0,1.8585,162.2554,2.3926,0,0,2890.9487,32.3457,92.9254,4.5676,0,1.6114,314132.4375,357.5158,16.0098,3.5258,146.4125,1.127,0,0,11.129,2.1977,1326.1544,32.1239,0,2.055,41.0344,7.9703,0,12.8586,29.528,1.3926,740.7511,11.3394,252.9929,2.1624
759,ucsb mining,211.43,0,0,0,0,"Sun Apr 10, 2022 - 10:37:34",User,2,ppm,Mining,,,,,,SdAR_M2_A,11.9028,1.5709,67023.0078,496.3732,33.9328,6.8249,0,6.6433,946.9709,32.7701,543144.8125,1616.5975,0,3.1936,4899.8784,94.9559,0,3.2869,0,26.3849,0,49.7238,95.0002,5.6034,235.2619,7.9476,15091.3926,108.1441,0,0,0,3.5483,42476.9297,228.1242,3161.7888,681.0108,817.1049,38.3252,0,1.7056,17.8141,0.9826,42.7045,6.6935,591.585,60.8913,769.0272,7.2188,0,1.8631,161.1542,2.4271,0,0,2003.3036,28.8503,86.7728,4.5385,0,1.59,315769.625,359.5059,14.718,3.5234,144.6315,1.1341,0,0,6.4617,2.1599,1402.816,31.2791,0,3.2869,42.5777,7.8065,0,12.9185,29.3385,1.4093,728.3556,11.3932,251.0922,2.1776
762,ucsb mining,210.73,0,0,0,0,"Sun Apr 10, 2022 - 10:50:51",User,2,ppm,Mining,,,,,,SdAR_M2_B,9.2809,1.5089,72361.1797,506.4861,36.2058,6.7059,0,6.4878,918.3519,32.0894,523424.5938,1636.3187,0,3.1087,6071.1865,100.0609,0,3.2229,67.0099,18.2875,0,49.0373,91.1973,5.6073,229.5503,7.6664,15315.5303,106.2914,0,0,0,3.3715,44148.293,233.3817,4394.645,703.0291,825.596,37.5518,0,1.6321,16.9831,0.9483,39.7763,6.4924,707.7554,64.1319,778.3032,7.0865,0,1.8137,164.8261,2.3798,0,0,2338.2295,29.7507,90.8186,4.4835,0,1.5131,325321.1875,358.7805,16.8125,3.4658,141.8384,1.0966,0,0,8.7317,2.1315,1451.2875,31.5966,0,2.0361,43.3494,7.9223,0,12.1444,28.8224,1.3776,731.11,11.1235,227.59,2.0426
769,ucsb mining,211.2,0,0,0,0,"Sun Apr 10, 2022 - 11:21:41",User,2,ppm,Mining,,,,,,SdAR_M2,13.9202,1.6053,72696.4922,512.3245,38.0782,6.6599,0,6.5449,933.9719,32.8258,523374.4688,1658.864,0,3.1222,5126.7563,96.2868,0,3.3023,0,26.7113,0,48.7454,107.2841,5.7395,215.0359,7.5292,14955.2803,105.9958,0,0,0,3.4114,43075.3125,232.1538,4570.7441,706.6021,804.4288,37.5187,0,1.676,16.2047,0.9487,33.4219,6.3563,602.189,61.1452,751.7142,7.0206,0,1.905,162.2193,2.3828,0,0,2184.9111,29.4597,89.3767,4.5682,0,1.5656,327630.7188,361.6772,14.0417,3.529,141.8975,1.1043,0,0,10.9532,2.1499,1399.2247,31.4154,0,2.0741,39.391,7.8257,0,12.5325,28.5805,1.3759,728.6149,11.1884,254.6966,2.1522
781,ucsb mining,211.32,0,0,0,0,"Sun Apr 10, 2022 - 12:16:45",User,2,ppm,Mining,,,,,,SdAR_M2,11.1117,1.5627,71819.1875,518.2595,32.2076,6.6584,0,6.5075,948.9529,32.8172,523615.5,1680.9393,0,3.2054,5572.6938,100.2997,0,3.2961,0,27.1003,0,48.9334,108.561,5.7638,222.4171,7.6593,15027.5342,106.3927,0,0,0,3.5206,42160.7539,229.7916,4650.4707,717.7826,845.0281,38.2738,0,1.6409,15.5122,0.9501,38.1951,6.4923,648.2318,62.9904,754.2859,7.053,0,1.8886,161.0524,2.3846,0,0,2127.1108,29.6719,90.6534,4.5627,0,1.5978,328524.5625,364.2415,18.5174,3.5396,141.4582,1.1058,0,0,10.7473,2.1805,1448.1611,32.0327,0,2.1023,37.8315,7.9176,0,13.6953,30.9853,1.3901,721.0529,11.1756,217.1742,2.0252
794,ucsb mining,210.74,0,0,0,0,"Sun Apr 10, 2022 - 13:14:19",User,2,ppm,Mining,,,,,,SdAR_M2,17.1963,1.7111,71466.9922,513.7474,32.5709,6.549,0,6.2475,928.1812,34.028,524211.3438,1652.1467,0,3.1541,6262.1577,107.4305,0,3.4356,223.2197,19.4163,0,47.986,83.3025,5.7382,221.015,7.5004,14919.4922,104.196,0,0,0,3.4139,42320.6289,237.1947,4653.5312,714.7368,835.4958,37.3743,0,2.4968,16.5668,0.9374,42.8181,6.4822,825.593,66.8646,757.007,6.9354,0,1.9408,161.0321,2.3364,0,0,2729.3098,31.9645,91.5162,4.7522,0,1.5247,326578.8125,363.3298,10.9255,3.6539,144.4007,1.096,0,0,9.1146,2.1296,1420.4536,32.7415,0,2.0282,44.2898,8.1872,0,12.5089,30.3906,1.3628,729.1309,11.0227,233.3808,2.0467
845,ucsb mining,211.6,0,0,0,0,"Wed Apr 20, 2022 - 19:08:09",User,2,ppm,,,,,,Mining,SdAR_M2,15.1256,1.5777,71500.0547,504.1889,36.0619,6.6011,0,6.4683,938.637,31.9765,527375.625,1618.0973,0,3.0429,4767.165,92.8559,0,3.1995,115.9323,18.5578,0,48.1815,83.2976,5.4912,224.8808,7.5714,14782.0723,104.2198,0,0,0,3.7248,44046.2539,232.3671,3577.74,683.7919,828.8714,37.4565,0,1.6507,17.1053,0.9436,42.8836,6.5378,433.6646,56.5047,759.7013,6.9743,0,1.829,161.715,2.346,0,0,2032.6448,28.4977,87.6932,4.4375,0,1.5997,325447.8125,358.4983,13.9992,3.4384,142.4385,1.093,0,0,13.1925,2.135,1482.7587,31.4413,0,2.0166,33.2447,7.7771,0,12.0908,29.3692,1.365,753.152,11.2158,256.9232,2.135
848,ucsb mining,211.54,0,0,0,0,"Wed Apr 20, 2022 - 19:22:36",User,2,ppm,,,,,,Mining,SdAR_M2,16.077,1.5806,73715.1484,507.8401,33.1375,6.5714,0,6.4117,960.375,31.8738,521446.3125,1634.2441,0,3.0529,4741.4404,93.4072,0,3.1574,114.2925,18.4264,0,47.4397,85.5252,5.5891,219.4711,7.4895,14618.127,103.603,0,0,0,4.2679,44108.8203,235.1915,4220.0264,691.7972,856.7862,37.7198,0,1.7572,16.4746,0.9375,51.3775,6.6184,473.822,56.718,760.0685,6.9575,0,1.8221,162.6114,2.3474,0,0,2075.6406,28.5076,88.2812,4.4085,0,1.5446,328573.6562,358.5057,17.1412,3.4261,140.4431,1.0836,0,0,9.5394,2.1031,1431.5809,31.5837,0,2.0174,38.0045,7.8671,0,12.3842,31.0764,1.3703,742.4247,11.1209,252.4601,2.1122
851,ucsb mining,210.5,0,0,0,0,"Wed Apr 20, 2022 - 19:43:08",User,2,ppm,,,,,,Mining,SdAR_M2,15.2651,1.6198,72395.2188,507.4214,32.6557,6.6563,0,6.5038,956.7433,32.8659,524590.25,1642.4137,0,3.1385,4871.8271,95.2393,0,3.2725,60.4618,18.3573,0,48.4532,80.7437,5.5749,216.6927,7.5349,14748.6914,105.0715,0,0,0,3.4064,43958.6914,235.0887,3874.4331,688.5869,850.5699,38.0923,0,2.7399,15.7946,0.9404,41.4696,6.5464,493.4826,56.9658,763.2629,7.0495,0,1.8951,163.2538,2.3742,0,0,1987.4802,28.3487,89.8983,4.558,0,1.5676,327177.75,359.7625,15.5757,3.5287,140.6346,1.0962,0,0,9.4755,2.1448,1426.7711,32.0619,0,2.0045,35.3922,7.9064,0,12.5689,28.3468,1.3738,731.8892,11.1768,227.2736,2.048
858,ucsb mining,210.85,0,0,0,0,"Wed Apr 20, 2022 - 20:17:41",User,2,ppm,,,,,,Mining,SdAR_M2,14.0401,1.6455,71971.7656,510.6076,36.9462,6.7349,0,6.5386,925.4614,33.5779,526442.125,1668.5099,0,3.2288,4357.2729,95.1611,0,3.3553,0,41.9478,0,48.7915,88.7844,5.6462,219.1991,7.6534,14679.333,105.9838,0,0,0,3.5385,42480.6992,233.5939,4590.5942,704.5739,831.2863,38.2202,0,2.3361,16.1077,0.9575,36.7594,6.4984,548.4666,57.8588,758.2369,7.1059,0,1.9301,161.0716,2.3978,0,0,1913.582,28.4721,90.9718,4.6857,0,1.5771,327210.4375,362.1238,13.8662,3.6149,141.4248,1.1113,0,0,10.2966,2.1907,1398.0859,31.8649,0,2.2893,35.2259,7.8682,0,13.128,29.8391,1.3929,768.1743,11.5515,230.0287,2.082
869,ucsb mining,210.67,0,0,0,0,"Wed Apr 20, 2022 - 21:09:48",User,2,ppm,,,,,,Mining,SdAR_M2,13.4952,1.5968,73026.8125,516.4977,36.7745,6.6039,0,6.3575,947.0792,32.8481,520056.3125,1669.7941,0,3.298,5266.3613,100.9807,0,3.2813,93.8343,18.7582,0,47.5686,86.0681,5.6662,220.3002,7.4947,14917.3232,104.2553,0,0,0,3.4692,42301.3633,233.6525,5793.4004,730.4236,831.3002,37.3681,0,1.656,17.0522,0.9446,44.0869,6.4309,763.5463,64.9115,764.8091,6.9716,0,1.8555,163.0012,2.3585,0,0,2058.9639,29.1716,93.511,4.5818,0,1.5289,329807.2188,363.1097,8.9547,3.5013,142.3397,1.0891,0,0,8.8691,2.1801,1464.5101,32.259,0,2.8283,42.187,8.0575,0,18.2242,31.8385,1.3755,737.656,11.0836,261.0481,2.1416
878,ucsb mining,211.37,0,0,0,0,"Wed Apr 20, 2022 - 21:46:17",User,2,ppm,,,,,,Mining,SdAR_M2,16.335,1.6246,72050.4922,507.9106,33.389,6.5996,0,6.4386,926.8851,32.5272,526321.5,1642.9778,0,3.2834,6905.6821,108.8313,0,3.2342,443.7076,20.1244,0,47.9348,84.7502,5.5614,221.5404,7.5332,14872.7646,104.5152,0,0,0,3.5236,41624.8555,229.571,5033.3271,713.1681,839.2621,37.6194,0,1.6349,15.6054,0.9413,40.7855,6.4327,832.4925,65.2436,762.4113,6.9876,0,1.8609,160.9159,2.3555,0,0,2729.0808,31.7404,86.852,4.518,0,1.6228,323344.375,358.7982,12.7291,3.4987,141.5515,1.09,0,0,9.2189,2.1801,1452.302,31.7707,0,3.4042,41.8803,7.935,0,16.8104,34.7864,1.3899,731.0514,11.0757,229.3687,2.0392
894,ucsb mining,210.57,0,0,0,0,"Sun Apr 24, 2022 - 11:04:14",User,2,ppm,,,,,,SdAR_M2,Mining,14.7962,1.6193,69498.5703,499.8465,35.0661,6.7547,0,6.5883,963.2145,33.0261,533039,1631.3284,0,3.2026,5088.1953,95.9016,0,3.2857,261.7944,19.2805,0,49.0488,97.4703,5.6747,218.6963,7.6607,14625.5684,106.008,0,0,0,3.8888,43763.7031,233.5672,3785.8213,690.6639,806.0225,37.8839,0,1.7053,16.2895,0.9584,48.2854,6.8115,622.1712,60.9017,763.913,7.1399,0,1.8802,161.1173,2.3917,0,0,2133.3247,29.1171,87.4572,4.5634,0,1.5789,321327.9688,359.3766,13.9162,3.5352,142.3835,1.1165,0,0,10.141,2.1855,1390.6255,31.2839,0,2.0503,41.9915,7.8369,0,12.6435,29.3608,1.3955,744.5679,11.4019,268.4197,2.2194
897,ucsb mining,210.9,0,0,0,0,"Sun Apr 24, 2022 - 11:18:27",User,2,ppm,,,,,,SdAR_M2,Mining,13.1503,1.6097,70973.7891,508.796,37.0499,6.6367,0,6.4037,980.8272,33.3828,526312.25,1637.6907,0,2.9806,5224.8901,97.3025,0,3.3248,315.3811,19.6018,0,47.9178,86.9042,5.635,224.649,7.5588,14614.4199,103.6001,0,0,0,3.8052,43802.0039,234.7064,4382.8613,706.3173,809.111,37.0851,0,1.6487,17.5527,0.9456,39.9384,6.47,585.4564,61.1156,769.8673,7.0061,0,1.8781,163.4228,2.3551,0,0,2142.5918,29.2096,93.851,4.6331,0,1.529,325674.8125,360.9761,17.2103,3.5786,144.6368,1.0995,0,0,12.0938,2.1091,1508.3143,32.2055,0,2.0256,39.1153,8.0189,0,12.0596,28.8546,1.3658,729.4596,11.0455,255.4305,2.1282
900,ucsb mining,211.39,0,0,0,0,"Sun Apr 24, 2022 - 11:32:36",User,2,ppm,,,,,,SdAR_M2,Mining,13.7419,1.5505,71756.3125,508.4521,34.6152,6.5839,0,6.5028,957.2109,31.8893,526781,1626.2065,0,3.1825,4954.7734,95.5405,0,3.151,344.6365,19.7395,0,47.7934,80.4285,5.5187,221.836,7.5019,14710.3066,103.6511,0,0,0,3.3613,43054.2383,232.2398,3978.7263,694.8637,859.8109,37.8094,0,1.6512,16.4547,0.9381,36.1151,6.3443,579.9489,60.9174,763.5212,6.9617,0,1.8255,162.4483,2.3447,0,0,2104.4609,29.1207,92.1389,4.4328,0,1.531,325795.9375,360.1534,7.2907,3.3884,141.4158,1.0854,0,0,9.8243,2.1488,1475.5114,31.4139,0,2.0204,35.7618,7.8254,0,12.2869,31.8501,1.3737,733.7874,11.0484,265.9612,2.1561
909,ucsb mining,211.14,0,0,0,0,"Sun Apr 24, 2022 - 12:11:52",User,2,ppm,,,,,,SdAR_M2,Mining,11.6026,1.5686,72525.2891,510.0648,30.0861,6.5943,0,6.3708,927.1263,32.7021,523972.6875,1648.5088,0,3.174,4915.5537,98.4712,0,3.2927,317.3347,19.6324,0,47.9112,85.2434,5.6471,227.1328,7.6237,14854.9795,104.6885,0,0,0,3.5204,42456.6367,234.5612,4502.3481,701.7567,841.089,37.7741,0,1.6649,18.5765,0.9584,38.6171,6.3734,682.0681,62.5735,761.6688,6.9987,0,1.8662,161.4556,2.3573,0,0,2070.2859,29.1054,90.4618,4.5619,0,1.5423,327818.5,360.9579,9.7146,3.4998,142.0489,1.0946,0,0,10.6068,2.1598,1460.4999,32.1567,0,2.0695,39.953,8.0206,0,15.0397,30.3842,1.3742,733.9359,11.1253,264.2866,2.1648
918,ucsb mining,211.59,0,0,0,0,"Sun Apr 24, 2022 - 12:49:22",User,2,ppm,,,,,,SdAR_M2,Mining,16.6815,1.6167,72687.7031,513.8055,31.037,6.7111,0,6.6471,947.3372,32.3745,523296.2812,1677.2399,0,3.2444,4584.0977,96.1699,0,3.2552,311.8584,19.7576,0,48.182,82.4469,5.6047,208.5113,7.486,14641.9492,105.387,0,0,0,3.5384,42002.9766,230.7378,4889.7368,712.2924,850.9529,38.3895,0,1.6888,16.5582,0.9582,53.7419,6.7786,737.3234,64.5145,768.2297,7.1176,0,1.8228,158.9092,2.3737,0,0,2123.9509,29.5611,91.0819,4.5037,0,1.6193,328889.7188,361.7927,15.9519,3.4847,141.1679,1.1053,0,0,10.4711,2.1977,1376.7228,32.4872,0,2.4747,41.8652,8.0057,0,12.9708,31.7238,1.3969,732.0437,11.2515,258.9387,2.1736
924,ucsb mining,210.02,0,0,0,0,"Sun Apr 24, 2022 - 13:15:14",User,2,ppm,,,,,,SdAR_M2,Mining,14.8309,1.6533,72397.3672,513.1275,33.9788,6.7561,0,6.6268,962.9768,33.6911,524647.0625,1680.9779,0,3.2494,4833.2754,96.5042,0,3.3397,296.3236,19.7124,0,49.2605,84.9462,5.5264,222.3348,7.7337,14852.2861,107.1344,0,0,0,3.498,41788.7305,227.8467,5022.6079,715.8148,827.8832,38.3608,0,1.7059,18.1936,0.978,34.1133,6.4635,733.4534,62.765,758.3166,7.147,0,1.9365,162.2239,2.4176,0,0,2092.9341,29.464,94.4069,4.6897,0,1.5909,327489.2188,362.3083,13.8474,3.6004,140.3826,1.1139,0,0,10.8633,2.2107,1414.3846,31.7143,0,2.1153,33.8182,7.7786,0,13.0643,30.2736,1.4054,726.2285,11.3292,262.8215,2.2093
933,ucsb mining,210.32,0,0,0,0,"Sun Apr 24, 2022 - 13:53:07",User,2,ppm,,,,,,SdAR_M2,Mining,11.0789,1.5382,73023.7891,524.2491,34.7532,6.5016,0,6.2204,922.3528,32.1918,521143.0312,1668.1178,0,3.2421,4654.1113,96.967,0,3.239,196.4382,19.5543,0,47.1872,89.7057,5.6219,228.7104,7.5239,14737.0264,102.5735,0,0,0,3.4968,41981.3203,231.0632,5798.1206,740.6926,831.992,37.0008,0,1.6211,18.8141,0.9421,53.2558,6.629,702.802,64.1719,760.1818,6.8722,0,1.8126,161.9644,2.3198,0,0,2055.6919,29.7084,87.3277,4.4787,0,1.4979,329829.25,365.6687,10.5315,3.4519,141.6399,1.0744,0,0,8.303,2.1417,1462.981,31.6562,0,2.0269,34.9383,7.8494,0,17.5925,30.1991,1.3493,734.3042,10.9394,255.3566,2.0975
942,ucsb mining,210.88,0,0,0,0,"Tue May 3, 2022 - 19:03:53",User,2,ppm,,,,,,SdAR_M2,Mining,15.8186,1.6387,69893.8672,501.7808,36.7705,6.8232,0,6.8391,976.2421,33.1996,532560.625,1655.9434,0,3.1723,4621.9077,94.0631,0,3.3268,143.818,18.7748,0,49.4412,80.2328,5.5535,221.7,7.7984,14600.8428,107.2752,0,0,0,4.406,42860.0742,231.9508,3978.0046,692.4536,822.9183,38.6094,0,2.3597,17.7836,0.9856,42.0268,6.7202,503.9036,58.1367,756.7776,7.1998,0,1.8353,159.0856,2.4141,0,0,2066.8247,28.721,88.7984,4.586,0,1.6206,322926.0938,359.9707,13.0178,3.5434,141.9644,1.1294,0,0,11.3193,2.1965,1402.6296,31.9344,0,2.1143,38.6771,7.8979,0,12.7276,32.558,1.4242,736.2761,11.4954,249.3398,2.1815
945,ucsb mining,210.8,0,0,0,0,"Tue May 3, 2022 - 19:16:22",User,2,ppm,,,,,,SdAR_M2,Mining,13.4313,1.6394,69854.6797,504.568,34.4999,6.6781,0,6.6881,940.4841,33.703,529937.5625,1631.0323,0,3.1541,4981.8418,95.754,0,3.3556,80.0931,18.6752,0,48.5477,115.2139,5.8556,219.3208,7.5973,14833.4297,105.5181,0,0,0,3.6205,43903.9141,234.8794,2957.4695,678.6185,833.2335,38.0196,0,1.649,17.5234,0.9622,40.7305,6.5277,497.3967,58.3026,761.2057,7.0596,0,1.9148,160.5582,2.3687,0,0,2107.0081,29.0206,87.7809,4.6765,0,1.5767,325026.5,360.9583,9.9369,3.6043,141.8324,1.1042,0,0,8.4502,2.1416,1392.4962,31.9384,0,2.0495,29.4521,7.7997,0,12.4255,32.239,1.3941,750.5018,11.339,231.2093,2.069
948,ucsb mining,211.2,0,0,0,0,"Tue May 3, 2022 - 19:29:40",User,2,ppm,,,,,,SdAR_M2,Mining,15.1396,1.5744,73043.0781,510.2914,36.5079,6.7187,0,6.3397,962.2968,31.9963,520545.3438,1677.7092,0,3.1196,4754.5586,95.6838,0,3.1906,0,26.9566,0,48.7104,116.4007,5.8532,219.3012,7.6591,14531.5107,105.8187,0,0,0,3.8849,43664.0352,236.4719,4825.6182,706.064,847.5253,38.6174,0,1.664,17.0404,0.9617,34.0505,6.4383,465.5769,56.374,752.3218,7.0912,0,1.8284,160.3957,2.3903,0,0,1992.3439,28.3606,93.3064,4.4497,0,1.5593,330342.4375,361.4442,16.1495,3.4317,139.5287,1.1062,0,0,10.3478,2.1536,1370.2771,31.1167,0,2.0722,41.0133,7.8247,0,12.681,28.4028,1.3851,744.5184,11.4059,231.0639,2.0871
957,ucsb mining,210.58,0,0,0,0,"Tue May 3, 2022 - 20:10:10",User,2,ppm,,,,,,SdAR_M2,Mining,14.5464,1.5587,74317.4922,518.1252,36.1376,6.5981,0,6.4133,939.4703,31.7446,520786.5,1648.5286,0,3.1693,4564.9243,95.5487,0,3.1628,0,27.3656,0,47.774,88.2489,5.6202,230.7327,7.6254,14898.4697,104.2234,0,0,0,3.4482,42524.5586,232.2363,4146.5112,698.743,845.1424,37.5539,0,1.6366,17.4601,0.9464,43.9865,6.4664,567.8154,58.9708,764.0488,6.9696,0,1.8018,159.1823,2.3292,0,0,1938.8906,28.7063,90.8695,4.4191,0,1.5442,330389.25,362.966,14.7113,3.4135,141.9063,1.0876,0,0,11.5141,2.1588,1422.4121,31.7743,0,2.0549,40.5478,7.9148,0,12.6414,32.4784,1.3734,719.5008,10.9612,252.7358,2.1138
966,ucsb mining,210.67,0,0,0,0,"Tue May 3, 2022 - 20:49:24",User,2,ppm,,,,,,SdAR_M2,Mining,14.6344,1.5893,73936.3594,516.1586,35.2875,6.6604,0,6.4162,962.1138,32.4545,519965.75,1671.6875,0,3.2513,4467.4741,95.8814,0,3.2255,0,27.3319,0,48.2216,86.8394,5.6418,212.0777,7.51,14594.1904,105.0828,0,0,0,3.4418,42645.7148,234.0697,4393.0586,701.6367,834.5187,38.0087,0,1.6655,16.034,0.9487,45.2979,6.6153,536.4207,59.2298,753.5591,7.0354,0,1.8677,161.1046,2.3771,0,0,1982.3955,28.8519,91.4613,4.5046,0,1.5728,331662.5625,363.9988,11.9485,3.4648,141.1976,1.1027,0,0,7.1291,2.1592,1395.9731,32.0823,0,2.0638,30.6994,7.8461,0,17.9276,30.5007,1.3853,730.2815,11.2156,255.4241,2.1548
975,ucsb mining,211.58,0,0,0,0,"Tue May 3, 2022 - 21:27:23",User,2,ppm,,,,,,SdAR_M2,Mining,13.4984,1.6111,73891.3516,515.7961,37.785,6.7086,0,6.473,950.683,33.149,520522.7812,1673.4265,0,3.3131,4432.459,93.0184,0,3.3187,0,27.3564,0,48.9744,82.585,5.4651,229.1909,7.7508,14954.333,106.404,0,0,0,3.4644,42588.3789,227.3011,4406.7158,701.3201,855.7421,38.4427,0,1.6715,16.6379,0.9606,34.6645,6.4271,590.8511,59.6994,757.1831,7.0736,0,1.9081,160.9026,2.3918,0,0,1948.1211,28.7319,91.3176,4.6094,0,1.5455,330800.8125,361.9545,13.154,3.5475,142.2656,1.11,0,0,9.7052,2.209,1412.1234,31.3921,0,3.1846,38.7122,7.7593,0,16.9579,32.626,1.4012,730.6392,11.2537,254.7104,2.1614
987,ucsb mining,211.18,0,0,0,0,"Mon May 9, 2022 - 19:07:48",User,2,ppm,,,,,,SdAR_M2,Mining,11.6703,1.5775,66111.7812,488.2747,34.5987,6.6646,0,6.4033,950.5256,32.9954,546245.8125,1578.1432,0,3.2607,4275.2422,94.1055,0,3.2887,0,27.1409,0,48.1671,88.0697,5.6168,233.9036,7.7425,14755.0264,104.6916,0,0,0,3.4841,42391.3281,231.7883,3387.4294,676.3122,831.7486,37.7354,0,1.6725,17.3331,0.9549,40.7764,6.5009,543.4045,57.9642,767.5903,7.0457,0,1.8594,164.0279,2.3794,0,0,1808.2433,27.8377,88.4947,4.5738,0,1.5507,314561.8438,356.8162,12.7879,3.5339,142.0649,1.0984,0,0,7.8045,2.1695,1459.1434,31.7929,0,2.0604,42.2646,7.9553,0,12.7296,30.3754,1.3839,737.2345,11.1857,259.3456,2.1545
990,ucsb mining,210.07,0,0,0,0,"Mon May 9, 2022 - 19:20:22",User,2,ppm,,,,,,SdAR_M2,Mining,14.1057,1.6036,71180.2188,504.3604,32.4541,6.9157,0,6.7315,949.54,32.834,528610.75,1658.0991,0,3.1548,4846.8442,94.7705,0,3.2914,0,36.9381,0,50.389,78.842,5.5323,230.0242,7.9739,14834.1729,108.934,0,0,0,3.4974,43735.9922,233.8286,2746.9829,668.9426,853.0469,39.5087,0,1.7333,17.2075,0.9899,34.085,6.6356,473.7125,57.8889,770.4515,7.3267,0,1.8844,161.3711,2.4492,0,0,1965.7184,28.4424,92.3196,4.5724,0,1.6172,325689.1875,361.5177,16.1561,3.5343,143.5926,1.1457,0,0,10.5922,2.2037,1440.0917,31.8568,0,2.1186,36.4057,7.883,0,12.7566,31.789,1.4406,744.5439,11.6557,259.7385,2.2388
993,ucsb mining,210.09,0,0,0,0,"Mon May 9, 2022 - 19:32:13",User,2,ppm,,,,,,SdAR_M2,Mining,13.9953,1.5872,72581.2656,514.9125,37.2681,6.6093,0,6.2861,947.4087,32.5069,521084.0625,1647.9714,0,3.1168,4957.9292,96.5015,0,3.2767,39.6659,18.4601,0,48.0121,85.3631,5.6827,217.379,7.4583,14697.5771,103.6612,0,0,0,3.3396,43815.6211,237.0172,4012.199,699.4001,805.08,36.9487,0,1.6608,18.3742,0.9501,42.8949,6.542,539.3785,59.1884,764.938,6.9733,0,1.8727,161.7544,2.3349,0,0,1970.1095,28.6048,90.7836,4.5221,0,1.5159,330453.8438,363.3708,13.4839,3.4883,141.6456,1.0872,0,0,9.1999,2.1218,1430.3326,32.3853,0,1.9669,43.5539,8.0888,0,12.4621,31.703,1.3737,723.9411,10.9938,269.208,2.1683
1000,ucsb mining,211.73,0,0,0,0,"Mon May 9, 2022 - 20:00:46",User,2,ppm,,,,,,SdAR_M2,Mining,14.5669,1.5832,73021.7344,509.6487,31.0794,6.6753,0,6.3296,934.7903,32.2134,522353.8125,1660.1996,0,3.3123,4606.3491,95.1729,0,3.2042,0,33.6072,0,48.4858,82.4686,5.6117,218.2044,7.5863,14587.8018,105.0264,0,0,0,3.4587,43013.9727,234.265,4357.3809,696.4637,826.444,37.8585,0,1.6829,16.7908,0.9569,42.5182,6.6055,564.749,59.7035,763.1868,7.078,0,1.8729,161.1384,2.3783,0,0,1996.2393,28.5207,89.3539,4.4802,0,1.5392,329645.2188,360.7697,15.1398,3.4694,139.5759,1.097,0,0,8.3929,2.1976,1443.6982,32.3391,0,2.0759,35.4724,7.9675,0,12.6288,32.2013,1.3969,730.9021,11.2152,266.7639,2.1935
1009,ucsb mining,211.23,0,0,0,0,"Mon May 9, 2022 - 20:37:31",User,2,ppm,,,,,,SdAR_M2,Mining,11.6732,1.5489,72989.4844,515.1367,36.0353,6.8517,0,6.64,949.4919,32.3865,520877,1699.175,0,3.314,4429.8438,94.8233,0,3.2446,0,27.5402,0,49.573,86.3606,5.6415,223.8145,7.8155,14902.9912,108.0398,0,0,0,3.6066,42803.6445,233.2467,4892.3613,712.533,830.2026,38.6577,0,1.9079,17.5747,0.9797,40.4256,6.6324,555.7092,59.2139,766.5507,7.2364,0,1.8666,161.1749,2.4242,0,0,1953.5917,28.6527,90.463,4.5009,0,1.5937,330719.4062,363.5655,15.6046,3.4808,143.5701,1.134,0,0,8.7017,2.2232,1442.6348,32.4497,0,2.0992,36.3389,7.9834,0,13.1308,30.9227,1.4198,727.264,11.4214,257.2573,2.2074
1018,ucsb mining,211.35,0,0,0,0,"Mon May 9, 2022 - 21:13:51",User,2,ppm,,,,,,SdAR_M2,Mining,13.3146,1.586,70260.9453,501.8079,28.6708,6.7955,0,6.8431,954.2828,32.7152,527575.75,1674.4071,0,3.3006,6979.7651,110.492,0,3.2534,897.313,21.7884,0,49.309,83.1274,5.6753,224.3787,7.8014,14676.3496,107.198,0,0,0,3.4886,41580.4141,233.2042,5452.1978,720.7407,844.6912,38.8278,0,1.7073,17.0475,0.9761,36.4271,6.5559,683.7815,62.1171,767.0416,7.2208,0,1.8895,159.2456,2.4116,0,0,3098.5547,32.9276,89.2888,4.5364,0,1.6264,322905.6875,359.1292,10.5777,3.4913,142.104,1.1259,0,0,5.7435,2.1895,1426.3889,32.2589,0,2.1973,60.3294,8.272,0,12.9941,31.7663,1.4189,730.8328,11.4181,264.0612,2.2234
1027,ucsb mining,211.22,0,0,0,0,"Wed May 18, 2022 - 10:24:37",User,2,ppm,,,,,,SdAR_M2,Mining,11.0659,1.5394,69020.9453,504.0894,34.3594,6.8763,0,6.5335,960.3882,32.4165,534322.125,1658.4456,0,3.1861,5015.0327,95.5383,0,3.2357,68.1573,18.5487,0,49.1248,101.5227,5.7074,232.3067,7.9465,14639.0703,107.4566,0,0,0,3.4926,43418.0938,233.3229,4244.1016,703.8716,839.2434,39.0292,0,1.7127,17.0874,0.9787,44.4335,6.7017,446.2813,56.7391,772.2616,7.2722,0,1.8249,162.4003,2.4364,0,0,2140.177,29.1839,88.5417,4.4877,0,1.5637,320738.6875,361.46,13.9798,3.472,143.6959,1.1365,0,0,7.9547,2.1794,1469.3567,31.7282,0,2.1065,37.2113,7.8928,0,12.8141,30.0438,1.4213,732.9678,11.4812,248.4998,2.1796
1030,ucsb mining,211.61,0,0,0,0,"Wed May 18, 2022 - 10:36:37",User,2,ppm,,,,,,SdAR_M2,Mining,13.9871,1.5777,71327.8828,502.9366,36.2335,6.7382,0,6.5266,963.3393,32.3917,525910.0625,1646.777,0,3.1482,5093.2305,97.1295,0,3.2576,192.1723,18.8522,0,48.8161,92.2581,5.7198,211.0198,7.5316,14500.8008,105.4614,0,0,0,3.4317,43870.8555,237.1996,3860.8669,687.6238,847.3144,38.4288,0,1.8844,16.684,0.9584,33.0554,6.4597,541.9724,58.792,761.7666,7.1144,0,1.8489,160.6614,2.3846,0,0,2226.1572,29.2862,92.2717,4.5012,0,1.5873,326589.6562,359.8718,11.1961,3.453,142.8884,1.1158,0,0,6.9563,2.1332,1418.9562,31.9556,0,2.0506,38.6907,7.9602,0,12.683,29.7925,1.393,739.4135,11.3435,269.9975,2.2182
1033,ucsb mining,211.27,0,0,0,0,"Wed May 18, 2022 - 10:48:33",User,2,ppm,,,,,,SdAR_M2,Mining,12.6683,1.5681,72970.3125,512.9761,39.3102,6.7403,0,6.4059,942.8325,32.4588,522033.7812,1669.8882,0,3.147,4847.5708,94.0968,0,3.2789,98.3665,18.6351,0,48.8264,80.8102,5.4816,217.1727,7.6059,14580.9248,105.5089,0,0,0,3.7621,43218.1133,230.1885,4451.8931,703.8256,840.8135,38.2884,0,2.0187,18.3011,0.9691,40.7488,6.6202,510.3702,58.5902,760.6489,7.1002,0,1.8279,164.2068,2.4079,0,0,2089.9395,28.9594,87.9482,4.5047,0,1.561,329276.9688,361.3751,18.8114,3.5064,143.2374,1.1153,0,0,11.995,2.1789,1479.5352,31.2055,0,2.0853,42.7958,7.8469,0,12.6905,29.4407,1.3928,727.0702,11.2413,263.3809,2.1953
1042,ucsb mining,210.49,0,0,0,0,"Wed May 18, 2022 - 11:25:05",User,2,ppm,,,,,,SdAR_M2,Mining,12.8857,1.5469,73253.5156,510.5347,34.365,6.7645,0,6.5001,951.4754,32.0023,522739.7188,1681.1371,0,3.2969,4639.4854,97.5504,0,3.2097,98.5735,18.5785,0,49.5149,82.6034,5.6897,220.1695,7.7172,14899.4258,107.5357,0,0,0,4.2684,42720.4023,237.7219,5035.2788,709.0488,857.7946,38.9456,0,1.6979,17.7734,0.978,34.1291,6.4861,553.2637,59.3666,756.3505,7.1523,0,1.866,160.0282,2.4079,0,0,2032.0417,28.7194,94.3053,4.4634,0,1.5219,328128.0938,361.9599,17.9823,3.443,141.7939,1.1215,0,0,10.4131,2.2231,1458.5919,33.0023,0,2.1194,29.9473,8.0561,0,12.7326,32.3421,1.4148,730.4404,11.3793,256.9171,2.1944
1045,ucsb mining,210.34,0,0,0,0,"Wed May 18, 2022 - 11:37:20",User,2,ppm,,,,,,SdAR_M2,Mining,15.0407,1.6606,73001.9062,508.2021,31.9589,6.7561,0,6.6272,939.0372,33.66,522754.2188,1686.6379,0,3.2383,4604.6479,94.8775,0,3.361,106.0028,18.661,0,48.9651,77.5577,5.49,223.1229,7.7736,14551.457,106.5544,0,0,0,3.5507,42223.875,229.5708,4308.4321,694.3729,840.5955,38.634,0,1.7257,15.3053,0.9757,47.3914,6.7762,608.6174,60.7032,756.6919,7.1578,0,1.9746,160.419,2.4202,0,0,2101.48,29.0448,87.0901,4.6668,0,1.6097,329922.5625,360.492,13.066,3.6105,141.5365,1.1209,0,0,10.0763,2.2015,1394.2328,31.7766,2.1637,1.4592,40.0724,7.8631,0,13.4042,31.6789,1.4133,722.6964,11.3345,267.0441,2.2294
1052,ucsb mining,211.33,0,0,0,0,"Fri May 20, 2022 - 07:39:14",User,2,ppm,,,,,,SdAR_M2,Mining,12.0492,1.5857,70135.6719,503.4452,28.5602,6.7311,0,6.3083,945.3148,33.0273,530939,1629.8307,0,3.103,5017.4272,94.5076,0,3.3112,77.0343,18.5293,0,48.6957,93.6922,5.5924,224.8994,7.6777,14635.9326,105.2571,0,0,0,3.9844,43527.6328,230.3256,3741.9111,691.1847,835.8596,38.0526,0,1.681,17.7143,0.961,37.4499,6.5224,480.9511,57.8002,779.6168,7.1561,0,1.8577,164.0083,2.3905,0,0,2106.0967,29.0522,88.1412,4.5812,0,1.5501,323391.7188,359.8903,14.2759,3.5458,142.8327,1.1099,0,0,10.2688,2.1559,1499.9531,31.9139,0,2.0239,31.2267,7.8225,0,12.3555,29.0544,1.3914,730.2323,11.2195,261.4576,2.1796
1055,ucsb mining,211.41,0,0,0,0,"Fri May 20, 2022 - 07:51:16",User,2,ppm,,,,,,SdAR_M2,Mining,14.4396,1.6212,73349.2578,507.7794,35.602,6.7293,0,6.5636,954.7222,33.1086,522277.6875,1645.7332,0,3.1762,4929.6904,93.4715,0,3.8432,26.4267,18.1509,0,48.834,78.5653,5.4497,228.4003,7.7435,14783.0322,106.0017,0,0,0,3.5553,43999.9805,231.0095,3357.665,677.2275,803.0085,37.6031,0,1.6861,17.5527,0.9658,41.5048,6.5816,497.4562,58.4586,764.5349,7.111,0,1.8842,161.2925,2.3886,0,0,2087.5193,28.7378,90.0885,4.5963,0,1.5806,328815.125,359.212,13.7534,3.5447,141.789,1.1093,0,0,9.0935,2.1621,1457.687,31.1956,0,2.0891,39.2769,7.7848,0,12.1539,32.0522,1.4019,730.7991,11.2539,262.0891,2.187
1058,ucsb mining,210.13,0,0,0,0,"Fri May 20, 2022 - 08:03:26",User,2,ppm,,,,,,SdAR_M2,Mining,14.7942,1.5906,73886.2656,515.8165,34.1937,6.6072,0,6.2048,969.0608,32.4683,517745.375,1657.3795,0,3.141,4924.1909,95.41,0,3.2583,39.7308,18.3664,0,47.8886,87.0298,5.5801,222.8686,7.5361,14748.1641,104.0814,0,0,0,3.2728,43701.793,233.5326,4427.9121,703.9392,816.9832,37.1884,0,1.6631,17.5063,0.9465,35.1103,6.3152,536.5962,59.5296,764.9959,6.9896,0,1.843,162.1211,2.3513,0,0,2063.2463,28.9691,93.2754,4.5125,0,1.5038,332005.6875,362.0318,12.1237,3.4639,143.9463,1.0977,0,0,8.0862,2.1231,1454.5669,31.48,0,2.0414,44.0799,7.9224,0,12.2473,30.1705,1.37,744.3247,11.1514,265.8789,2.1629
1067,ucsb mining,210.95,0,0,0,0,"Fri May 20, 2022 - 08:40:00",User,2,ppm,,,,,,SdAR_M2,Mining,12.0526,1.5624,73424.6094,514.7488,31.1802,6.6605,0,6.3925,944.9508,32.5277,518056.7188,1685.7208,0,3.1816,4947.7363,97.9218,0,3.2866,142.7036,18.8787,0,48.436,96.9074,5.727,219.8216,7.6034,14643.3555,105.1261,0,0,0,3.4441,42409.8555,232.6912,5354.1362,718.9304,834.0123,37.9882,0,1.6828,16.3838,0.9504,41.7151,6.5656,575.8966,58.8189,760.3239,7.0631,0,1.86,161.0866,2.3772,0,0,2193.6194,29.5388,85.7105,4.5014,0,1.568,332484.5,362.2831,17.8571,3.5081,141.2574,1.1023,0,0,11.4209,2.1796,1324.7551,31.9138,0,2.0803,35.8599,7.8384,0,12.9007,28.8467,1.3792,739.0966,11.2668,263.6674,2.1837
1077,ucsb mining,210.81,0,0,0,0,"Fri May 20, 2022 - 09:21:47",User,2,ppm,,,,,,SdAR_M2,Mining,14.3024,1.6067,73631.3906,518.3319,29.8513,6.8732,0,6.5039,946.3896,32.8166,517733.5312,1726.7026,0,3.3112,4629.917,96.8281,0,3.3093,0,27.536,0,49.9837,82.0843,5.6329,213.434,7.7517,14726.7285,108.5885,0,0,0,3.5357,42572.1016,233.6196,5226.8569,718.979,842.485,39.2688,0,1.7301,16.2213,0.9797,40.7372,6.7349,622.8042,60.5584,763.907,7.2945,0,1.8962,161.6178,2.4573,0,0,2042.3732,29.0893,88.1206,4.5529,0,1.5868,333003.2812,364.954,11.5234,3.5131,140.8419,1.135,0,0,7.798,2.2252,1383.7489,32.3477,0,2.5573,39.9155,7.9903,0,13.2124,29.5428,1.4271,728.91,11.5432,269.7295,2.2701
1087,ucsb mining,210.97,0,0,0,0,"Fri May 27, 2022 - 10:54:41",User,2,ppm,,,,,,SdAR_M2,Mining,15.6021,1.6325,69291.0312,497.3642,33.6997,6.6576,0,6.3776,965.5153,33.0733,533539.6875,1613.4784,0,3.096,4952.9189,94.5964,0,3.3278,0,28.6595,0,48.437,79.2154,5.5228,226.7951,7.6585,14593.5312,104.5687,0,0,0,3.4746,43470.1445,232.6088,3763.9395,685.7073,811.6609,37.4646,0,1.6717,15.9751,0.9479,33.5971,6.4103,516.583,57.9991,763.0529,7.0451,0,1.8752,161.6758,2.3687,0,0,2037.2119,28.5068,91.5241,4.5899,0,1.5366,321938.5,358.0462,15.1437,3.5437,142.9882,1.1044,0,0,11.8155,2.152,1457.3665,31.7054,0,2.0573,32.2414,7.8139,0,12.2781,32.1123,1.3913,740.222,11.2279,266.3292,2.185
1090,ucsb mining,210.24,0,0,0,0,"Fri May 27, 2022 - 11:06:45",User,2,ppm,,,,,,SdAR_M2,Mining,14.5556,1.6419,71759.3125,506.6567,41.2946,6.6712,0,6.2789,945.9574,33.4841,525678.125,1632.3024,0,3.1401,4952.3218,95.4438,0,3.3195,69.9428,18.381,0,48.547,76.7964,5.5233,230.8712,7.6729,14778.4277,104.5842,0,0,0,5.0997,43644.6992,234.2873,3925.3679,691.4302,831.7607,37.5392,0,1.6628,18.0389,0.9547,39.3741,6.5237,474.3571,58.4946,764.4296,7.0171,0,1.9151,164.2401,2.3693,0,0,2094.9219,28.7881,89.229,4.6479,0,1.5268,326649.0312,360.1871,13.6678,3.5956,142.1253,1.096,0,0,10.211,2.1455,1523.9053,31.6317,0,2.0154,38.5647,7.9332,0,12.0518,31.6194,1.3846,735.4747,11.1384,261.3078,2.1566
1093,ucsb mining,211.45,0,0,0,0,"Fri May 27, 2022 - 11:18:56",User,2,ppm,,,,,,SdAR_M2,Mining,14.597,1.5845,72214.2734,507.7446,33.0486,6.775,0,6.4641,960.1585,32.3606,522892.2188,1662.4357,0,3.2166,4668.7632,94.4647,0,3.2138,53.2538,18.3809,0,49.0033,81.6442,5.5298,217.1053,7.6428,14540.6387,105.9181,0,0,0,3.4296,42678.5312,231.0136,3782.2397,688.0525,829.0671,38.2241,0,1.7067,16.6032,0.9625,35.8721,6.5427,541.9386,58.9631,769.1492,7.1733,0,1.8637,162.1554,2.4073,0,0,2134.9097,29.0965,91.4813,4.4929,0,1.5663,330648.6562,361.3319,15.4093,3.4725,142.1761,1.1172,0,0,9.3623,2.1879,1413.3616,31.8103,0,2.0911,32.5954,7.8008,0,12.7882,29.3233,1.3998,725.7694,11.2907,265.7366,2.2129
1099,ucsb mining,211.28,0,0,0,0,"Fri May 27, 2022 - 11:43:54",User,2,ppm,,,,,,SdAR_M2,Mining,15.2758,1.5962,72871.4062,513.8958,36.1173,6.5247,0,6.2319,967.6906,32.436,521186.4375,1634.5012,0,3.1025,4941.7129,95.0025,0,4.0772,92.2477,18.6963,0,47.1307,79.1951,5.444,226.0335,7.4744,14696.584,102.4591,0,0,0,3.3728,43064.918,229.3749,4432.6465,704.5504,833.4299,37.0019,0,1.6443,17.1114,0.9321,37.9092,6.2932,557.5925,59.7304,765.1143,6.8923,0,1.821,160.6333,2.311,0,0,2062.3315,29.116,92.0679,4.5028,0,1.5194,330160.1562,361.0628,18.5712,3.4886,144.2416,1.0831,0,0,9.8558,2.11,1467.0983,31.1429,0,2.0332,37.8861,7.7633,0,12.4054,30.9287,1.3527,729.3326,10.8983,265.5378,2.1322
2,Mining,327.81,74.83,74.72,73.41,74.4,"Thu Jan 6, 2022 - 16:24:41",User,2,ppm,Mining,,,,,,SdAR_M2_A,12.8614,0.9988,69052.4062,639.236,33.7624,4.2152,0,3.94,944.0779,20.6517,535398.5625,1421.1884,0,2.0002,4555.1294,58.2449,0,2.0723,0,30.9836,0,30.2303,108.883,3.6174,229.1058,4.835,14623.3369,66.2408,0,0,0,2.1433,43284.125,146.8495,3538.4792,876.818,837.4509,23.8439,0,1.0425,16.7078,0.5963,40.9671,4.0873,358.2488,70.6447,775.5715,4.4727,0,1.1695,163.3253,1.4956,0,0,1623.6755,34.5448,90.4902,2.8711,0,0.9714,321692.875,416.4868,15.9811,2.2193,142.1353,0.6934,0,0,8.0816,1.3521,1422.8458,19.8714,0,1.2756,35.3667,4.9098,0,7.8168,28.7702,0.8666,725.4632,7.003,241.2314,1.3227
4,Mining,210.87,28.81,29.15,28.69,117.65,"Thu Jan 6, 2022 - 16:37:18",User,2,ppm,Mining,,,,,,SdAR_M2_B,10.448,1.5462,73761.4219,499.9102,34.7921,6.6735,0,6.1608,938.2629,32.6335,518190.5312,1619.9144,0,3.0434,4791.1274,93.2163,0,3.2588,0,24.1822,0,48.596,108.4528,5.7523,225.4985,7.6141,15011.9619,105.3817,0,0,0,4.928,44140.6836,234.388,2863.426,656.8471,831.5198,37.6202,0,2.5561,17.427,0.9483,47.7875,6.6514,418.0769,54.9364,772.5816,7.0595,0,1.8699,164.1366,2.369,0,0,1709.1694,26.9021,89.3041,4.5369,0,1.516,333147.3125,356.9269,13.8978,3.5013,142.3686,1.0977,0,0,10.7054,2.1246,1527.8887,31.9302,0,2.0066,33.7339,7.9082,0,12.3831,29.54,1.3766,745.0733,11.2111,222.7309,2.024
10,Mining,211.04,29.55,30,29.06,116.1,"Thu Jan 6, 2022 - 17:03:01",User,2,ppm,Mining,,,,,,SdAR_M2,12.3411,1.5339,75425.75,515.0188,34.7537,6.6656,0,6.2057,944.1542,31.8583,513380.0625,1674.4486,0,3.1449,5175.5059,99.623,0,3.1818,0,25.7373,0,47.6354,89.5756,5.7371,229.1108,7.6411,14518.7412,103.8153,0,0,0,3.2931,42857.8906,237.0683,5141.9575,709.1887,861.4345,38.0651,0,1.8114,18.44,0.9521,40.1331,6.4192,652.66,62.7708,773.6202,7.0494,0,1.8026,161.495,2.3504,0,0,1825.3926,27.8331,89.0111,4.4234,0,1.4988,335116.3438,361.7178,10.6871,3.4022,140.4017,1.0885,0,0,7.7203,2.1279,1449.8524,32.7323,0,2.0121,34.4368,8.0592,0,12.2048,28.03,1.3651,726.231,11.0645,254.2109,2.1282