Reading No,Reading Type,Duration,Main,Low,High,Light,Time,User,Sigma Value,Units,Heat,Lot,Note,Sample Depth,Mode,Ag,Ag 2-Sigma,Al,Al 2-Sigma,As,As 2-Sigma,Au,Au 2-Sigma,Ba,Ba 2-Sigma,Bal,Bal 2-Sigma,Bi,Bi 2-Sigma,Ca,Ca 2-Sigma,Cd,Cd 2-Sigma,Cl,Cl 2-Sigma,Co,Co 2-Sigma,Cr,Cr 2-Sigma,Cu,Cu 2-Sigma,Fe,Fe 2-Sigma,Hf,Hf 2-Sigma,Hg,Hg 2-Sigma,K,K 2-Sigma,Mg,Mg 2-Sigma,Mn,Mn 2-Sigma,Mo,Mo 2-Sigma,Nb,Nb 2-Sigma,Ni,Ni 2-Sigma,P,P 2-Sigma,Pb,Pb 2-Sigma,Pd,Pd 2-Sigma,Rb,Rb 2-Sigma,Re,Re 2-Sigma,S,S 2-Sigma,Sb,Sb 2-Sigma,Se,Se 2-Sigma,Si,Si 2-Sigma,Sn,Sn 2-Sigma,Sr,Sr 2-Sigma,Ta,Ta 2-Sigma,Th,Th 2-Sigma,Ti,Ti 2-Sigma,U,U 2-Sigma,V,V 2-Sigma,W,W 2-Sigma,Y,Y 2-Sigma,Zn,Zn 2-Sigma,Zr,Zr 2-Sigma
440,ucsb mining,210.27,0,29.3,28.64,29.94,"Wed Jan 11, 2023 - 17:16:09",User,2,ppm,,,,SdAR_L2,Mining,2.3856,1.4172,75508.1719,543.8605,4.5046,3.2012,0,4.923,660.2649,34.3593,515994.125,3156.6926,0,2.2219,5616.7446,103.0737,0,3.2098,0,25.0249,0,74.0525,84.0798,5.8434,54.0785,4.6717,19328.332,117.5972,0,0,0,3.5043,36545.6875,217.7587,5611.8125,846.7405,562.159,35.5172,5.9738,1.3092,58.7391,1.1977,18.8996,5.9557,500.7283,64.9623,192.5468,3.5986,0,1.7868,125.9299,1.8977,0,0,782.6238,22.5903,9.1889,4.1105,0,1.3694,334332.5938,388.786,14.1744,3.45,141.7083,1.1967,0,0,18.2867,1.5496,2922.7144,38.3299,3.0009,1.7158,53.2554,9.8254,0,9.8372,54.7779,1.3232,197.8254,6.4328,594.7335,3.1111
443,ucsb mining,210.12,0,29.45,29.89,29.6,"Wed Jan 11, 2023 - 17:28:07",User,2,ppm,,,,SdAR_L2,Mining,1.6736,1.4288,73969.2422,545.9023,4.7649,3.2986,0,5.2312,659.4379,34.8633,519300.8438,3223.1204,0,3.9713,5619.8506,101.7786,0,3.2201,0,25.2678,0,57.0818,85.6196,5.7933,56.8138,4.858,19545.0996,120.8392,0,0,0,4.0958,36419.6289,214.2749,5520.9639,855.3358,577.2902,36.7736,6.2016,1.3526,58.8426,1.232,20.2845,6.0904,510.6,66.6885,194.3827,3.7038,0,1.8347,127.2085,1.9614,0,0,741.214,22.6353,5.3861,4.1528,0,1.5986,332500.2812,389.6065,12.3006,3.4957,144.8816,1.2394,0,0,17.3603,1.6149,2978.4185,37.7912,4.5081,1.8081,57.4645,9.7546,0,0,55.6859,1.365,198.6485,6.5838,605.128,3.2143
446,ucsb mining,211.55,0,29.09,29.98,29.76,"Wed Jan 11, 2023 - 17:40:14",User,2,ppm,,,,SdAR_L2,Mining,0,2.8982,77173.7969,557.1352,6.1691,3.2295,0,4.7992,678.8174,34.7432,509227.2812,3246.6472,0,2.1831,5556.0542,100.6073,0,3.1817,0,25.1338,0,55.8138,82.2905,5.6874,53.5532,4.6794,19606.0332,118.4937,0,0,0,4.9046,36428.4336,212.2632,6651.522,874.8154,582.8794,36.002,5.644,1.3255,60.1567,1.2137,17.9655,5.8798,542.6051,66.3631,192.4871,3.6095,0,1.8287,127.6136,1.9191,0,0,720.4893,22.3921,9.0175,4.1392,0,1.3162,338198.4062,389.6457,15.9668,3.488,143.654,1.2086,0,0,20.0396,1.5635,2965.4226,37.1253,3.9246,1.755,63.3859,9.6656,0,11.3248,57.3146,1.3458,192.8564,6.3998,616.1921,3.1747
449,ucsb mining,211.3,0,29.15,28.78,29.72,"Wed Jan 11, 2023 - 17:52:08",User,2,ppm,,,,SdAR_L2,Mining,2.1795,1.4123,79806.8594,552.1215,6.5057,3.2313,0,4.9446,663.8804,34.3653,505420.2188,3250.1284,0,2.5093,5375.853,102.2881,0,3.1474,0,25.1101,0,63.1844,77.6384,5.7823,53.3088,4.7135,19396.1172,119.1705,0,0,0,4.1419,35990.1445,215.7756,4550.25,818.7141,583.2752,36.4408,5.8685,1.3352,58.0287,1.2107,18.6488,5.9759,586.853,66.63,187.9865,3.6055,0,1.8372,127.3964,1.934,0,0,748.1016,22.4199,12.1273,4.1192,0,1.3284,342308.6562,388.1961,12.5099,3.4376,140.2721,1.2061,0,0,19.7577,1.5925,2918.0762,38.1748,3.6208,1.7533,56.8964,9.8192,0,0,56.2677,1.3501,200.6134,6.5209,612.0629,3.1918
379,ucsb mining,210.7,0,29.72,29.84,28.59,"Fri Dec 9, 2022 - 16:47:07",User,2,ppm,,,,SdAR_L2,Mining,0,2.4319,72581.9609,543.078,0,5.6914,0,4.7951,671.4691,35.5257,523965.8125,3090.365,2.1601,1.5399,5295.9229,103.4869,0,3.2736,0,25.9008,0,79.8972,81.2535,5.9319,52.7776,4.601,19661.252,116.6692,0,0,0,3.1544,35503.0898,217.1147,5522.1997,856.6131,588.5058,35.5333,4.8611,1.3088,60.4982,1.1996,21.3923,5.9948,532.903,65.7616,195.924,3.5787,0,1.8883,126.7952,1.8911,0,0,671.2393,22.195,7.8761,4.2331,0,1.3046,330501.4375,391.1483,14.2273,3.5628,144.3383,1.1914,0,0,18.6751,1.649,2840.0342,39.583,5.9732,1.7734,42.1065,9.8859,14.146,6.8798,57.7072,1.3273,187.6948,6.2419,625.803,3.1451
382,ucsb mining,210.67,0,29.75,29.4,29.47,"Fri Dec 9, 2022 - 16:59:13",User,2,ppm,,,,SdAR_L2,Mining,0,2.0903,75783.4531,553.5927,7.6818,3.2432,0,5.1675,649.6437,34.3713,515242.6562,3232.6262,0,2.2606,5721.5815,102.4744,0,3.1835,0,26.3999,0,73.2144,83.6039,5.7728,60.0244,4.8711,19945.4824,120.8868,0,0,0,2.7974,35887.8047,212.7404,6723.0181,878.7986,582.1893,36.4905,4.0868,1.3246,61.2258,1.2337,12.7699,5.9012,633.3472,68.4258,186.2628,3.6031,0,1.8109,125.5554,1.9305,0,0,657.5326,22.0344,8.5463,4.1181,0,1.355,333675.875,390.9843,9.2702,3.4376,140.2082,1.2104,0,0,19.3173,1.5842,2862.3,37.4916,3.9171,1.7632,67.5733,9.7476,0,0,55.3045,1.3465,190.643,6.4281,599.104,3.1732
385,ucsb mining,211.28,0,29.8,28.9,29.93,"Fri Dec 9, 2022 - 17:11:32",User,2,ppm,,,,SdAR_L2,Mining,0,2.704,76775.125,551.9738,5.9578,3.2745,0,5.1788,659.0464,35.67,512633.2812,3285.5315,0,3.2182,5558.3208,103.5595,0,3.2997,0,25.8971,0,57.4824,84.1246,5.8407,60.2957,4.9675,20086.666,122.963,0,0,0,3.3591,35909.0352,214.8499,6013.8721,858.9703,592.6586,37.3112,5.289,1.3676,60.7804,1.2518,22.4777,6.0441,637.0478,69.3417,186.5688,3.6602,0,1.8708,127.792,1.9808,0,0,727.3176,22.5538,6.3551,4.2555,0,1.4072,335892.8438,390.4329,6.8079,3.5522,140.7609,1.2312,0,0,17.6602,1.6079,2854.0212,38.6185,5.2554,1.8336,45.8481,9.7247,12.6511,7.1694,54.9406,1.369,193.6727,6.5989,623.5552,3.281
388,ucsb mining,210.23,0,29.85,29.49,29.28,"Fri Dec 9, 2022 - 17:23:39",User,2,ppm,,,,SdAR_L2,Mining,0,2.1548,75823.2031,552.8658,4.4932,3.2746,0,4.99,653.694,35.4377,514990.1875,3279.1531,0,2.2551,5357.3022,101.3999,0,3.2444,0,26.4619,0,57.7138,86.873,5.8139,56.4285,4.8847,20002.5137,122.915,0,0,0,3.99,35280.3438,211.4084,6718.2578,876.2168,568.5403,36.7592,5.2554,1.3525,61.4167,1.2588,20.2189,6.0599,641.9134,69.0866,188.3753,3.6799,0,1.8671,124.984,1.9697,0,0,680.3983,22.3306,10.3371,4.2486,0,1.3455,334876.2812,391.0976,13.8154,3.5617,139.9848,1.2294,0,0,20.1471,1.6103,2764.386,38.0237,6.8002,1.8716,55.9521,9.6566,10.6016,7.0931,55.3303,1.3688,190.0504,6.5579,591.8794,3.207
407,ucsb mining,211.64,0,29.16,29.39,29.37,"Fri Dec 9, 2022 - 18:40:56",User,2,ppm,,,,SdAR_L2,Mining,0,2.9607,77548.375,554.9167,5.2652,3.2371,0,5.2035,658.1514,35.3762,512570.3125,3253.7571,0,3.5674,5238.9678,105.3777,0,3.2938,0,26.5125,0,56.9805,90.0711,6.0938,55.0475,4.7785,20027.7715,121.0281,0,0,0,3.3581,34927.9102,218.8688,6338.2334,862.5453,584.0025,36.5464,4.5034,1.3414,61.4021,1.2378,21.7286,6.0175,672.1497,68.9226,188.8026,3.6279,0,1.8672,127.041,1.9435,0,0,713.5245,22.5255,8.7598,4.2316,0,1.372,336247.7188,390.7682,14.7198,3.5585,140.941,1.2141,0,0,18.421,1.6021,2799.5811,39.8718,4.2598,1.7795,56.4867,10.1102,0,0,57.4471,1.3636,195.7102,6.4933,622.7333,3.2321
250,ucsb mining,211.18,0,29.24,28.96,29.99,"Tue Dec 6, 2022 - 18:27:40",User,2,ppm,,,,SdAR_L2,Mining,0,3.1163,77110.6641,544.5563,5.3891,3.183,0,5.0321,668.7407,34.3538,512193,3156.4219,0,2.2159,5333.8706,101.3007,0,3.1727,0,24.9459,0,55.5143,85.9278,5.8633,52.8662,4.6357,19761.8984,118.1231,0,0,2.1779,1.9177,36743.0078,217.1137,5437.7305,837.0113,557.6523,35.2908,7.1696,1.3202,62.1099,1.2133,24.0385,5.9398,440.1922,63.9297,190.0993,3.5677,0,1.7872,127.4349,1.9047,0,0,636.0637,21.5435,7.2106,4.0886,0,2.2634,336577.5938,385.5094,17.3271,3.4599,142.3457,1.1953,0,0,18.8725,1.5512,2879.5251,38.2797,3.633,1.7369,57.0625,9.815,0,0,53.957,1.3159,193.5551,6.3345,608.8837,3.1353
253,ucsb mining,211.31,0,29.97,29.36,28.6,"Tue Dec 6, 2022 - 18:39:55",User,2,ppm,,,,SdAR_L2,Mining,2.7438,1.4528,79279.2031,553.836,4.7593,3.1744,0,4.724,668.7698,35.1799,506055.75,3210.8945,0,2.1111,5144.9883,98.8843,0,3.2695,0,25.0479,0,77.3344,79.1929,5.7064,56.0351,4.6788,19673.7109,117.5277,0,0,0,3.1684,36043.4688,211.3752,6525.9492,857.5119,562.9075,35.2137,5.6552,1.3043,59.2463,1.1938,17.8921,5.9161,487.8399,64.3586,191.9816,3.5662,0,1.8432,126.5527,1.8976,0,0,626.304,21.5673,11.3562,4.2088,0,1.3538,340486.9688,387.8131,13.3626,3.5192,139.8414,1.1804,0,0,18.8487,1.5173,2798.7271,37.8928,5.838,1.7683,52.0881,9.5819,14.3058,6.8858,53.7385,1.3082,190.2985,6.2993,601.6409,3.105
256,ucsb mining,211.14,0,29.09,29.22,29.75,"Tue Dec 6, 2022 - 18:52:04",User,2,ppm,,,,SdAR_L2,Mining,0,3.1353,78237.2734,558.1475,5.8097,3.1533,0,4.6824,660.0839,34.8337,505606.8125,3199.6682,0,2.566,5241.6255,101.4086,0,3.1941,0,25.1443,0,55.3333,82.8775,5.848,58.3541,4.6903,19935.5879,117.1105,0,0,0,3.2308,35980.5742,215.7857,6525.5903,867.7095,579.9824,35.3665,4.3238,1.296,61.5387,1.1989,11.5767,5.6671,565.3852,66.2606,190.4,3.5294,0,1.8103,126.6544,1.8828,0,0,643.5568,22.0255,8.6512,4.1644,0,1.3472,341465.6875,389.983,12.5063,3.494,140.5939,1.1749,0,0,19.0469,1.5454,2894.5532,38.7461,5.2351,1.7459,51.9451,9.8415,18.5062,6.9293,55.2743,1.3082,192.8397,6.2895,617.185,3.1196
259,ucsb mining,210.39,0,28.77,29.37,28.98,"Tue Dec 6, 2022 - 19:03:56",User,2,ppm,,,,SdAR_L2,Mining,0,2.7385,79333.9375,561.3584,7.9116,3.304,0,4.998,655.4359,34.7341,504033.3125,3330.7415,0,2.2222,4914.8618,99.7681,0,3.194,0,25.7275,0,56.8697,81.0342,5.7486,54.4424,4.7928,19645.2051,120.9676,0,0,0,3.9289,35941.5703,213.4391,6618.5073,868.5038,584.1935,36.8049,4.9718,1.3462,60.8451,1.2423,22.5909,6.0584,565.6302,66.1415,190.9105,3.6717,0,1.8526,126.6554,1.9637,0,0,667.7465,22.1761,5.2298,4.1367,0,2.1877,342633.0625,391.3263,12.5717,3.4874,141.2287,1.2229,0,0,20.4203,1.5962,2767.4565,37.9044,7.1041,1.8616,43.5476,9.5221,0,0,53.6107,1.3488,199.4456,6.5763,606.5489,3.2139
275,ucsb mining,211.18,0,29.11,29.49,29.88,"Tue Dec 6, 2022 - 20:11:28",User,2,ppm,,,,SdAR_L2,Mining,3.0717,1.433,79745.2266,557.9018,4.1729,3.2349,0,5.1228,650.7465,34.4446,507049.875,3275.7942,0,3.588,5038.437,98.9873,0,3.1611,0,25.909,0,59.7047,79.7216,5.6512,56.0172,4.7687,19593.875,119.5488,0,0,0,4.4014,35632.9648,209.623,6930.0103,867.0082,545.9842,35.5615,5.3337,1.3154,62.97,1.2375,22.5388,6.0623,672.2534,67.9403,192.3328,3.6398,0,1.7823,123.6651,1.9171,0,0,671.0969,22.2713,10.2971,4.1305,0,1.4151,339240.75,387.7342,16.1395,3.4739,139.2851,1.201,0,0,19.2656,1.6044,2624.012,37.0941,5.9144,1.8057,41.2955,9.2545,0,0,53.4502,1.3276,189.5479,6.3797,579.7512,3.1113
213,ucsb mining,210.4,0,29.38,29.06,29.88,"Tue Nov 29, 2022 - 16:54:51",User,2,ppm,,,,SdAR_L2,Mining,0,3.4261,75404.4062,547.6954,4.9011,3.1672,0,4.7703,661.2647,34.7243,513796.6875,3131.8521,0,2.1339,5488.1626,100.5008,0,3.2076,0,25.1392,0,55.7761,86.4913,5.7544,59.4361,4.7423,20217.9688,118.3266,0,0,0,4.3089,36465.168,213.0004,5168.3604,845.6517,583.5566,35.5423,5.0744,1.3057,60.6494,1.1991,16.9202,5.7942,538.0837,65.6884,191.844,3.5553,0,1.8017,126.5002,1.8865,0,0,567.6714,21.5825,7.9674,4.1465,0,1.3033,336478.4375,388.5742,15.254,3.4948,143.436,1.192,0,0,19.3197,1.5279,2962.3342,37.4246,3.84,1.728,54.478,9.6359,11.7264,6.8103,55.3017,1.3152,188.0234,6.2632,616.7713,3.1342
216,ucsb mining,210.96,0,29.03,29.38,29.83,"Tue Nov 29, 2022 - 17:06:59",User,2,ppm,,,,SdAR_L2,Mining,0,2.1375,77263.0391,557.3137,6.4312,3.189,0,4.7828,669.5347,34.3646,508959.6562,3202.7339,0,2.2118,5313.9146,100.7119,0,3.1737,0,25.5634,0,55.5355,83.9459,5.8033,54.5818,4.6754,19917.0781,118.1921,0,0,0,4.7097,36701.3984,215.8697,6014.3306,864.0856,621.9188,36.4979,4.7226,1.3179,61.7579,1.2144,29.0252,6.0699,506.4612,65.3372,190.3572,3.5603,0,1.8086,125.9451,1.901,0,0,579.2946,21.5789,12.032,4.1204,0,1.3198,338806.5625,391.1033,11.229,3.4328,143.5495,1.1979,0,0,18.7654,1.5468,2960.6121,38.2214,6.2007,1.7957,60.7935,9.8543,0,15.4227,56.4057,1.3272,194.1198,6.362,626.3496,3.1716
219,ucsb mining,211.84,0,29.97,28.84,29.99,"Tue Nov 29, 2022 - 17:19:08",User,2,ppm,,,,SdAR_L2,Mining,2.4252,1.4363,77125.9297,551.1143,5.3934,3.134,0,4.8502,675.5985,34.9502,511392.7188,3158.6125,0,2.0898,5303.3931,101.6208,0,3.2259,0,25.5685,0,55.0202,87.2558,5.8865,60.5619,4.7669,19913.1465,117.665,0,0,1.9068,1.8898,35873.6406,215.5544,5971.6348,854.4784,590.7321,35.8093,6.1175,1.3155,59.3894,1.193,25.3144,5.8519,557.455,65.5428,186.5734,3.5102,0,1.8538,123.7667,1.8717,0,0,549.9653,21.2969,15.2663,4.1975,0,1.2686,337550.1875,388.0625,19.1984,3.5191,138.41,1.1722,0,0,20.2809,1.5222,2818.9514,38.623,4.7579,1.7441,48.5411,9.7561,0,0,55.6505,1.3123,191.7513,6.2737,624.0784,3.15
222,ucsb mining,211.43,0,29.49,29.17,29.31,"Tue Nov 29, 2022 - 17:31:10",User,2,ppm,,,,SdAR_L2,Mining,2.6256,1.4372,78634.3516,556.7519,6.1744,3.1242,0,4.8914,668.9365,34.8416,506991.7188,3196.1135,0,3.6465,5056.73,104.4672,0,3.2111,0,25.3383,0,55.1053,80.9099,6.0593,56.2006,4.6428,20070.498,117.1301,0,0,0,3.0319,35625.4453,222.2898,7408.6064,878.3058,560.3911,34.9371,5.467,1.2936,60.6295,1.1904,24.4237,5.8994,592.4349,66.1894,186.8534,3.491,0,1.8072,123.8001,1.8543,0,0,588.6654,21.524,14.3531,4.1869,0,1.3498,339345.0625,389.9024,15.2716,3.4958,140.2917,1.1705,0,0,19.4519,1.5582,2800.4575,40.2427,3.8585,1.7002,50.7941,10.1435,0,15.5264,57.521,1.3128,196.2611,6.3066,611.8163,3.0994
225,ucsb mining,210.83,0,29.07,29.19,29.8,"Tue Nov 29, 2022 - 17:43:11",User,2,ppm,,,,SdAR_L2,Mining,1.9207,1.4247,79381.3828,556.3475,6.2154,3.2274,0,4.8214,657.868,34.6988,506053.9375,3277.0137,0,2.1909,4828.5625,103.1527,0,3.2118,0,25.3873,0,73.7842,74.9986,5.9532,56.9527,4.8178,19820.9648,120.8,0,0,0,3.2909,35936.8477,222.1615,5948.1836,850.3889,577.3527,36.409,6.0141,1.3199,60.1459,1.233,15.9098,6.011,599.7858,65.5685,185.8316,3.6051,0,1.8255,124.977,1.9377,0,0,603.418,21.7361,6.411,4.1357,0,1.3365,341168.1875,392.6523,12.4546,3.4775,140.8305,1.2144,0,0,21.3217,1.5896,2816.7566,39.4721,6.3001,1.824,53.5048,10.0461,20.9966,7.2169,57.485,1.3593,188.6091,6.4427,565.8976,3.0963
156,ucsb mining,210.43,0,29.73,29.35,28.91,"Fri Nov 25, 2022 - 15:37:45",User,2,ppm,,,,SdAR_L2,Mining,0,2.823,73306.7109,537.0144,6.2683,3.2023,0,4.952,657.9056,36.2849,522158.8438,3159.3176,0,2.2394,5109.9722,99.6513,0,3.3465,0,25.7717,0,56.2716,77.0694,5.6755,56.9927,4.8082,19695.4805,119.8975,0,0,0,4.2903,35845.9961,212.0507,5691.4102,847.8129,552.8776,35.8293,6.4866,1.34,58.0722,1.2141,21.8195,5.9853,471.7012,64.6983,184.1888,3.5749,0,1.889,125.474,1.9308,0,0,616.79,21.7455,9.1289,4.3409,0,1.3462,331409.3438,386.6634,16.5609,3.6589,141.3942,1.2116,0,0,19.737,1.5797,2852.2244,37.7202,5.5491,1.8085,46.5773,9.5463,0,17.1465,54.5408,1.3379,195.601,6.502,605.2824,3.178
159,ucsb mining,210.22,0,29.24,29.13,29.49,"Fri Nov 25, 2022 - 15:49:53",User,2,ppm,,,,SdAR_L2,Mining,1.9663,1.4434,76963.9375,553.1964,4.2494,3.1362,0,4.8498,660.4921,35.1302,511687.7812,3130.354,0,2.1533,5190.1143,101.4864,0,3.2229,0,26.1969,0,54.7068,82.1329,5.8827,53.4721,4.56,19844.1367,116.0863,0,0,0,3.5596,36603.4219,218.0824,5426.9189,849.8918,595.3854,35.4081,5.2922,1.2719,60.3177,1.1854,19.1169,5.748,505.0755,64.2522,193.7597,3.5277,0,1.8475,127.7565,1.8799,0,0,642.3182,21.9972,6.1055,4.1858,0,1.2901,337441.7188,388.9286,13.2889,3.526,143.1607,1.1764,0,0,17.7817,1.5061,2832.1145,38.7688,5.8491,1.7528,49.9856,9.8171,0,0,56.25,1.3055,188.6041,6.1612,577.5079,3.0038
162,ucsb mining,211.01,0,30,29.45,29.68,"Fri Nov 25, 2022 - 16:02:00",User,2,ppm,,,,SdAR_L2,Mining,2.9871,1.4205,77744.2422,557.1292,6.8594,3.1947,0,5.0931,657.9833,34.2132,509455.0625,3231.5537,0,2.1502,5086.708,99.8955,0,3.1587,0,26.2478,0,55.8761,78.6238,5.7126,55.0294,4.6979,19613.127,118.4371,0,0,0,3.1979,36235.4141,213.5372,7007.4116,877.3945,586.6165,36.1011,5.2301,1.3002,60.0286,1.2093,15.5175,5.8412,576.7632,66.3065,187.3508,3.5605,0,1.7934,124.4377,1.9026,0,0,638.3997,21.9693,10.6243,4.1015,0,1.386,338046.0312,389.8094,14.6306,3.4397,141.1227,1.1965,0,0,19.1371,1.5362,2752.2854,37.6015,5.7986,1.7861,46.2313,9.4907,9.5805,6.8202,53.611,1.315,187.1298,6.3206,576.03,3.0728
165,ucsb mining,210.7,0,29.81,29.75,29.82,"Fri Nov 25, 2022 - 16:13:52",User,2,ppm,,,,SdAR_L2,Mining,3.0648,1.4374,78568.9531,565.1616,5.7435,3.1466,0,4.7192,658.4741,34.576,507564.0625,3193.3738,0,2.1795,5021.6909,102.5958,0,3.1578,0,26.3503,0,54.8858,87.0323,5.9658,57.4271,4.6734,19954.707,117.0057,0,0,0,3.1531,36179.2344,218.8931,6432.4717,875.9032,624.0713,36.1224,6.2735,1.2924,60.2677,1.1921,20.693,5.7766,573.3613,66.9564,190.3559,3.5211,0,1.8074,125.1272,1.8735,0,0,608.0662,22.0987,8.7712,4.1364,0,1.3021,339187.3125,392.9037,11.3557,3.4636,140.9677,1.1746,0,0,19.0839,1.5308,2971.345,39.2234,6.0326,1.7603,60.3965,10.0783,12.9964,6.8199,56.5395,1.311,191.6208,6.2645,592.5417,3.0576
180,ucsb mining,210.56,0,29.24,28.75,29.66,"Fri Nov 25, 2022 - 17:14:09",User,2,ppm,,,,SdAR_L2,Mining,0,3.2464,78599.375,562.5074,7.0816,3.1755,0,5.0897,687.0831,34.7751,506221.9375,3272.0989,0,2.2297,4815.6113,102.1544,0,3.2203,0,26.4206,0,55.555,83.2969,5.9233,53.0727,4.6679,19539.5547,118.1202,0,0,0,4.4401,35234.2305,216.8981,7700.0601,890.6929,580.7628,35.9586,5.0559,1.3133,59.1996,1.2058,25.1919,6.032,654.139,67.9872,184.3809,3.5364,0,1.8256,127.6422,1.9247,0,0,651.3707,22.1449,11.6342,4.1474,0,1.401,340811.6562,391.9941,17.9094,3.4906,139.0204,1.1876,0,0,20.1055,1.5709,2852.5811,39.1599,6.2779,1.8039,53.9468,9.9446,13.1318,6.9548,54.8114,1.3256,188.4015,6.336,601.5134,3.1322
202,ucsb mining,210.08,0,28.92,29.53,28.66,"Fri Nov 25, 2022 - 18:56:37",User,2,ppm,,,,SdAR_L2,Mining,2.3242,1.4594,77395.25,554.8489,6.6186,3.2967,0,5.1445,659.1999,35.4023,513111.5625,3306.4866,0,2.2852,4949.7905,101.353,0,3.2675,0,26.2728,0,58.3838,83.3047,5.8668,57.6658,4.9494,20070.5938,123.8997,0,0,0,3.9296,35156.6836,213.6829,5985.9653,857.6679,599.1545,37.8175,5.6152,1.373,61.2025,1.2641,23.8078,6.2473,639.2412,67.3788,184.8916,3.6776,0,1.8779,125.7295,1.9817,0,0,602.5383,21.9091,8.2859,4.2283,0,1.4435,336453.4375,391.9822,12.9691,3.5492,143.1834,1.2509,0,0,19.1884,1.6108,2715.0325,38.5031,5.0921,1.8452,63.0999,9.8172,0,15.7115,55.3434,1.3787,191.2941,6.6174,611.9229,3.2796
126,ucsb mining,211.46,29.73,29.84,28.49,115.73,"Tue Nov 22, 2022 - 17:21:31",User,2,ppm,,,,SdAR_L2,Mining,2.1836,1.4564,73259.9922,538.9488,5.9362,3.1081,0,5.0122,661.434,35.3829,522574.8438,3056.7,0,2.1019,5131.5532,102.2622,0,3.2603,0,25.6157,0,60.9649,85.1203,5.8867,57.0819,4.6372,19914.5254,116.2048,0,0,2.1083,1.8892,35805.332,217.179,4822.2979,834.3843,599.2044,35.4783,6.1632,1.2871,59.2971,1.1793,17.3033,5.7698,522.1445,66.8529,187.0842,3.4758,0,1.826,126.5859,1.8675,0,0,575.0961,21.6094,9.4628,4.2342,0,1.3176,331548.2812,387.3796,14.3949,3.5548,144.7458,1.1825,0,0,20.6559,1.5205,2939.9158,38.6389,4.3597,1.7278,54.9239,9.9093,0,0,56.3903,1.304,193.7448,6.2264,597.8131,3.0522
129,ucsb mining,211.49,0,29.03,28.94,29.87,"Tue Nov 22, 2022 - 17:35:54",User,2,ppm,,,,SdAR_L2,Mining,0,2.4862,78364.7578,549.1375,7.6657,3.2543,0,4.9298,654.6901,35.3019,511599.4688,3234.9124,0,2.1968,5363.688,101.1611,0,3.2739,205.6105,19.9208,0,57.1604,85.9179,5.8713,56.243,4.8193,20012.0312,121.5153,0,0,0,3.3324,36714.9688,216.7223,5387.0308,838.4252,598.7112,36.9311,4.684,1.3474,60.9558,1.2404,21.6219,6.03,498.3375,64.0884,186.0222,3.6162,0,1.8477,126.06,1.9421,0,0,674.6906,21.8,6.1509,4.2083,0,1.3001,335336.3125,386.0897,14.191,3.5498,143.1769,1.2277,0,0,21.0886,1.5921,2919.6541,38.4164,3.9598,1.7784,62.6607,9.9024,0,0,58.3937,1.3724,187.6834,6.4161,623.5871,3.2475
132,ucsb mining,210.48,0,29.41,29.93,29.91,"Tue Nov 22, 2022 - 17:48:25",User,2,ppm,,,,SdAR_L2,Mining,2.1349,1.4397,80418.9219,566.9058,8.1326,3.1937,0,5.038,654.0963,34.9839,508584.9375,3251.72,0,2.1321,5117.3296,97.1797,0,3.2086,438.9098,21.3296,0,56.113,80.2482,5.5992,55.2342,4.7205,19780.4707,119.2636,0,0,0,3.0132,36126.0469,209.0576,7330.8955,888.8986,574.9239,35.8761,4.8757,1.3077,60.291,1.2157,22.4168,5.9699,529.9487,65.3709,183.797,3.5422,0,1.8525,126.4122,1.9194,0,0,715.3447,22.3408,10.3554,4.1914,0,1.3374,335244.2812,388.5889,14.5555,3.5163,140.6284,1.1988,0,0,20.1945,1.5461,2869.9583,36.9274,5.1425,1.7755,49.4272,9.4005,0,0,55.4785,1.3324,187.832,6.317,586.7462,3.1103
140,ucsb mining,210.16,0,28.73,29.01,29.08,"Tue Nov 22, 2022 - 18:20:43",User,2,ppm,,,,SdAR_L2,Mining,2.0669,1.4312,80348.3125,567.3501,4.3861,3.1966,0,4.9597,676.5386,34.9469,505022.3438,3287.0796,0,2.2204,4987.2153,100.3726,0,3.2384,210.6013,20.2641,0,55.9945,82.2134,5.83,55.8962,4.7244,19939.6582,119.2444,0,0,0,4.7297,35956.1602,215.1043,8400.79,904.2783,595.0217,36.3404,6.6758,1.3108,59.1063,1.2084,23.9928,5.958,584.3195,65.7672,191.0794,3.594,0,1.8287,124.3886,1.9035,0,0,690.8022,22.3064,11.0984,4.1754,0,1.3158,338080.0312,389.6171,12.3321,3.4872,139.5246,1.1913,0,0,19.1924,1.5611,2899.886,38.6275,5.7213,1.7861,49.6563,9.7866,0,0,58.0621,1.3433,183.1711,6.2446,579.7654,3.0844
45,ucsb mining,210.95,0,29.69,29.9,28.62,"Sun Nov 20, 2022 - 15:15:45",User,2,ppm,,,,SdAR_L2,Mining,0,3.2604,77970.7656,553.1067,6.333,3.2989,0,4.9224,686.1249,35.2579,504818.375,3287.0669,0,2.1648,6003.9634,99.9225,0,3.2523,0,25.3007,0,80.5778,96.5945,5.7772,57.8116,4.8685,20024.2949,122.1876,0,0,0,3.4544,37909.6406,213.8603,5460.9229,849.5428,602.209,37.2258,5.3892,1.3591,62.0729,1.2499,12.9926,6.0043,423.9855,63.5314,192.1637,3.6869,0,1.847,129.649,1.9716,0,0,641.724,21.5913,11.7141,4.2092,0,1.3848,340701.9062,390.9046,18.6376,3.5456,143.9232,1.2363,0,0,19.6845,1.5751,3060.021,37.4771,3.2055,1.7731,59.3383,9.6965,0,14.823,56.3973,1.3728,191.8113,6.5276,628.354,3.2741
49,ucsb mining,211.11,0,29.03,29.23,28.54,"Sun Nov 20, 2022 - 15:32:20",User,2,ppm,,,,SdAR_L2,Mining,2.7472,1.4551,80929.4453,557.1272,7.4839,3.2453,0,4.9255,679.0081,35.3015,495213.0938,3323.7883,0,2.1404,5660.5786,101.2724,0,3.2487,0,25.0488,0,56.477,79.0465,5.7494,54.2433,4.7278,19706.6543,119.7031,0,0,0,5.3633,37891.918,217.8023,5377.4438,837.7444,572.6219,36.1553,4.9814,1.3244,61.0729,1.2256,20.312,6.0043,446.8941,63.7049,189.1783,3.6106,0,1.8422,128.5543,1.9392,0,0,638.7704,21.559,12.4576,4.2199,0,1.3647,348357.0938,388.6335,21.9802,3.5667,141.8416,1.211,0,0,19.7727,1.5531,2870.4741,38.0698,3.6349,1.7588,58.081,9.7575,0,10.0002,55.2592,1.3438,190.8883,6.4224,604.5212,3.1711
52,ucsb mining,210.87,0,29.72,28.98,29.22,"Sun Nov 20, 2022 - 15:44:42",User,2,ppm,,,,SdAR_L2,Mining,2.7027,1.4496,82395.9609,566.4772,7.8466,3.1652,0,4.9633,685.1202,35.1922,493432.25,3267.9092,0,2.1631,5604.4102,103.0701,0,3.2428,0,25.5072,0,67.4458,83.6267,5.8649,54.6582,4.6135,19654.7422,116.5889,0,0,0,3.1487,37326.0156,219.5425,5220.127,841.6164,595.6583,35.6929,3.1989,1.2828,62.3231,1.2004,16.1946,5.7994,502.9218,65.3972,188.8169,3.5175,0,1.8752,127.9797,1.8867,0,0,689.4702,22.1141,10.0526,4.1941,0,1.3695,349249.75,391.8093,10.8482,3.5022,142.5119,1.1826,0,0,19.8409,1.536,2991.3176,38.6301,3.7277,1.7123,61.8945,9.9882,0,13.4477,54.3343,1.3035,193.6407,6.2938,608.0355,3.0998
55,ucsb mining,211.55,0,29.66,29.13,29.08,"Sun Nov 20, 2022 - 15:57:16",User,2,ppm,,,,SdAR_L2,Mining,3.2838,1.5053,80483.3281,569.0714,6.7802,3.2143,0,5.0549,701.2632,36.4515,495213.1562,3329.8545,0,2.2306,5312.0005,101.5136,0,3.3177,0,25.8421,0,58.8892,79.2094,5.7873,57.6254,4.7545,20064.9688,119.1497,0,0,0,5.28,37190.7734,217.377,6743.3984,877.9429,582.8239,35.8819,4.8416,1.3135,62.9651,1.2239,19.4058,5.9682,514.5275,65.9714,190.5201,3.5873,0,1.9241,131.6194,1.9428,0,0,662.507,22.2051,12.0955,4.3397,0,1.4083,348028.4062,393.379,15.2348,3.6378,144.0768,1.2067,0,0,20.638,1.5823,2819.8179,38.0863,4.533,1.7717,61.8606,9.7857,9.8689,6.8713,54.3221,1.3286,195.165,6.4134,608.9526,3.1499
58,ucsb mining,211.25,0,29.79,29.39,29.16,"Sun Nov 20, 2022 - 16:10:14",User,2,ppm,,,,SdAR_L2,Mining,2.2951,1.4662,79858.2344,567.301,4.1247,3.2269,0,5.0907,663.1825,35.5736,498773.4375,3349.6606,0,3.2205,5046.5083,100.3054,0,3.32,0,25.8103,0,56.526,82.9526,5.7942,55.5154,4.7698,19971.0684,120.3844,0,0,0,3.6648,36676.6406,215.9988,6893.7695,880.3142,591.8105,36.5466,3.8497,1.3105,60.5394,1.2273,24.3551,6.0412,543.7112,66.0659,191.4199,3.6306,0,1.8971,127.8651,1.9432,0,0,653.1413,22.1378,9.9784,4.2619,0,1.3575,345834.375,393.7116,10.8728,3.5566,142.6357,1.2152,0,0,17.188,1.5755,2863.656,37.9571,5.0849,1.7957,59.8118,9.7576,0,15.5823,57.6589,1.3586,189.5189,6.4179,584.8248,3.1263
61,ucsb mining,210.69,0,29.6,29.86,29.42,"Sun Nov 20, 2022 - 16:23:01",User,2,ppm,,,,SdAR_L2,Mining,3.4114,1.461,80117.7344,568.0453,5.5039,3.1342,0,4.9388,677.3631,35.1594,498926.1562,3234.113,0,2.1711,5120.6445,99.7623,0,3.2371,0,26.4288,0,54.8923,82.485,5.7094,58.3009,4.6685,19867.1621,116.4458,0,0,3.2743,1.9284,36800.1445,213.7195,5885.791,864.2402,570.8516,34.9636,3.5966,1.2682,61.7273,1.1927,18.641,5.752,604.4423,67.0714,190.2906,3.5105,0,1.8572,128.861,1.8849,0,0,686.6782,22.6117,10.3061,4.1968,0,2.0567,346261.875,392.099,18.8887,3.5428,143.1064,1.1795,0,0,17.7795,1.5112,2843.4866,37.3745,3.8579,1.7194,57.2808,9.5889,0,0,55.507,1.3048,187.6427,6.1672,587.2191,3.0356
64,ucsb mining,211.59,0,29.68,29.28,29.08,"Sun Nov 20, 2022 - 16:35:14",User,2,ppm,,,,SdAR_L2,Mining,2.3954,1.4932,80064.8125,560.7224,7.2384,3.2198,0,4.8589,688.3405,36.4082,500488.5,3273.6516,0,2.1848,5185.8813,103.5069,0,3.3459,0,25.8108,0,55.5043,82.7624,5.9063,52.8417,4.6603,19905.3711,118.8048,0,0,0,3.1471,36095.3984,219.0742,5231.7988,841.6093,562.0628,35.5386,3.3236,1.3102,61.3606,1.2163,26.5123,5.9461,576.2462,65.8801,190.51,3.5879,0,1.9178,129.307,1.9325,0,0,668.3344,22.2566,9.5178,4.33,0,1.3926,346041.8438,392.4535,19.257,3.6607,142.7859,1.2016,0,0,21.0792,1.5732,2815.8691,38.8105,6.023,1.7974,51.3033,9.8594,0,16.4714,53.6467,1.3222,201.4822,6.4845,614.2061,3.1611
92,ucsb mining,211.15,0,29.33,28.98,29.42,"Sun Nov 20, 2022 - 18:37:45",User,2,ppm,,,,SdAR_L2,Mining,0,3.2868,78752.0625,561.9217,6.7613,3.2363,0,4.9975,678.326,34.9477,503849.1562,3288.134,0,3.7901,5063.5195,101.3672,0,3.2446,0,26.3368,0,56.3641,83.839,5.83,54.5764,4.7356,20034.3105,119.9441,0,0,0,3.2414,35960.2031,214.2217,6658.3579,874.6696,588.9308,36.4114,2.9742,1.3222,62.106,1.2325,29.343,6.1547,725.1155,70.599,190.4426,3.6095,0,1.8205,127.2632,1.9341,0,0,750.9761,22.9514,7.4988,4.1552,0,1.3495,342413.3438,391.813,15.4451,3.5051,144.35,1.2163,0,0,20.2238,1.6156,2836.2214,38.2861,6.0862,1.8134,59.9401,9.7864,12.068,6.9867,57.5807,1.3528,187.001,6.3583,621.9821,3.2035
117,ucsb mining,210.32,0,28.77,29.01,28.76,"Sun Nov 20, 2022 - 20:19:05",User,2,ppm,,,,SdAR_L2,Mining,3.3104,1.4835,78323.375,566.689,6.3243,3.2644,0,5.1226,666.7945,35.626,504165.625,3355.0459,0,3.0231,5108.6636,102.9336,0,3.3142,0,25.952,0,56.655,83.2207,5.8696,55.7568,4.8129,20036.3984,121.0101,0,0,2.288,2.221,35697.2109,216.1809,7246.436,890.2415,592.2693,36.7695,3.9561,1.3362,61.3139,1.2409,30.6782,6.1769,672.3171,68.7719,190.4199,3.6473,0,1.9035,129.8436,1.971,0,0,615.6451,22.0842,10.393,4.2692,0,1.4111,342372.0938,394.1983,13.7845,3.5762,144.517,1.2294,0,0,19.854,1.6162,2821.6245,38.2502,5.9545,1.8452,59.7563,9.8254,0,14.9975,57.6342,1.3695,190.145,6.4636,612.4011,3.2111
475,ucsb mining,210.36,0,29.71,29.77,29.14,"Sun Jan 15, 2023 - 17:13:02",User,2,ppm,,,,SdAR_L2,Mining,1.748,1.4522,76685.1875,549.643,7.2156,3.2043,0,4.979,672.7149,35.545,514692.9062,3186.5347,0,3.1529,5737.9019,101.7169,0,3.292,0,26.1412,0,55.8587,84.7119,5.7003,58.2929,4.7935,19481.8613,118.3936,0,0,0,3.2368,36311.7852,211.2128,5494.2139,847.4795,551.9062,35.5052,4.4984,1.3178,60.2617,1.2154,17.9458,5.9304,557.2303,66.1717,186.6591,3.5674,0,1.8647,127.1754,1.9204,0,0,755.0198,22.5234,9.0189,4.2384,0,1.3877,334521.5625,387.3122,15.8399,3.5672,142.3056,1.2045,0,0,19.5678,1.5884,2869.0286,37.312,4.4235,1.7577,45.8415,9.4589,25.3628,7.2663,56.3188,1.3395,191.9109,6.4058,609.5316,3.1618
478,ucsb mining,211.21,0,28.96,28.98,30,"Sun Jan 15, 2023 - 17:25:07",User,2,ppm,,,,SdAR_L2,Mining,0,3.0078,76995.5078,550.6653,3.9437,3.2191,0,5.0716,679.8972,34.5817,511327.8125,3218.3459,0,2.2273,5991.0303,104.6679,0,3.2061,0,25.9611,0,69.3899,82.8025,5.7816,59.4115,4.8236,19296.5254,118.3858,0,0,0,4.2056,36842.9727,216.4162,5511.0864,847.2029,605.0475,36.7211,4.8841,1.3163,60.5397,1.2202,18.0496,5.951,556.5446,66.6493,192.6124,3.6243,0,1.8345,126.2578,1.9171,0,0,783.4644,22.6836,10.3985,4.1265,0,1.3414,336893.6875,389.1753,12.8948,3.4545,141.8057,1.2065,0,0,17.5879,1.5502,2869.5786,37.4344,3.4522,1.7433,61.3808,9.7152,0,0,57.4513,1.35,195.2186,6.4297,598.1466,3.1431
481,ucsb mining,210.85,0,29.15,29.18,29.09,"Sun Jan 15, 2023 - 17:36:50",User,2,ppm,,,,SdAR_L2,Mining,0,2.6409,77456.2266,561.3888,0,4.7595,4.9065,3.4739,676.1399,34.9128,506363.9688,3237.3652,0,2.1797,5713.6924,103.8993,0,3.187,0,25.6588,0,60.227,84.5604,5.8507,59.0851,4.7313,19608.4375,116.9306,0,0,0,3.7867,36684.7383,217.3413,7564.7197,894.4449,588.1401,35.7008,4.4661,1.2985,61.7859,1.2081,17.1646,5.8144,516.2264,66.3164,195.6202,3.5839,0,1.832,125.9664,1.8877,0,0,755.1904,22.7095,8.74,4.1619,0,1.3573,339681.2188,391.1307,15.5034,3.506,142.7192,1.1889,0,0,18.4533,1.5331,2724.6575,37.67,4.5997,1.7467,54.6215,9.6393,0,0,58.5763,1.3338,197.3408,6.3443,609.5067,3.1171
484,ucsb mining,210.79,0,29.96,29.37,28.46,"Sun Jan 15, 2023 - 17:48:38",User,2,ppm,,,,SdAR_L2,Mining,0,3.1711,80448.5625,566.1164,4.985,3.1427,0,4.7139,654.5244,34.9015,502618.0312,3226.3059,0,2.1901,5263.3452,101.1896,0,3.2215,0,25.3383,0,62.3424,82.5551,5.7657,60.7204,4.7375,19356.8984,115.9126,0,0,0,5.1351,36056.4062,213.871,6296.9937,865.4617,588.4849,35.5305,4.8357,1.2922,58.9285,1.1843,15.6225,5.7587,618.7747,67.9857,190.2453,3.5256,0,1.824,125.5848,1.8768,0,0,732.6522,22.7212,8.1084,4.1743,0,1.2916,343052.5938,391.9995,16.2378,3.5221,141.5623,1.1787,0,0,19.3559,1.5387,2667.0242,37.3799,5.3205,1.7522,56.076,9.5338,0,14.4389,55.7052,1.3087,193.4782,6.2922,606.3745,3.0947
495,ucsb mining,211.68,0,29.2,29.9,29.34,"Sun Jan 15, 2023 - 18:35:02",User,2,ppm,,,,SdAR_L2,Mining,1.9124,1.4231,81017.6641,563.3166,3.3806,3.168,0,5.0936,646.3469,34.5832,501374.25,3273.7092,2.0749,1.5478,5362.936,103.663,0,3.2157,0,25.8688,0,55.2859,75.2099,5.8199,53.5032,4.6471,19279.2754,117.3506,0,0,2.3194,1.9292,35531.3086,216.2345,6942.9248,869.3721,598.1057,36.2625,4.9182,1.3127,58.5129,1.1964,16.0823,5.7908,672.1895,68.4291,190.1157,3.5721,0,1.8001,125.777,1.9011,0,0,796.3627,22.9637,5.4891,4.1255,0,1.3233,343351.4688,390.1368,15.1715,3.486,140.3052,1.1902,0,0,17.7505,1.6476,2793.8213,38.7877,4.2013,1.7508,56.883,9.8727,0,0,55.1847,1.324,191.2162,6.3205,613.34,3.154
525,ucsb mining,210.27,0,29.93,29.17,29.24,"Sun Jan 15, 2023 - 20:42:37",User,2,ppm,,,,SdAR_L2,Mining,0,3.6198,80140.9609,572.3214,7.1704,3.1179,0,4.9345,659.9415,35.2656,503912.4375,3206.5432,0,2.6534,5390.5283,103.5595,0,3.2684,0,26.323,0,54.1516,82.6984,5.8302,55.5486,4.5646,19683.7402,114.9001,0,0,0,4.5399,35818.3008,215.3283,7222.3442,890.3727,609.8593,35.4314,5.3221,1.2754,60.5155,1.1784,14.7982,5.6014,688.573,69.2505,189.5149,3.4725,0,1.8468,126.3898,1.8565,0,0,782.5653,23.235,11.4563,4.2325,0,1.8234,340740.625,392.224,13.4581,3.5408,142.5276,1.1656,0,0,19.6558,1.5321,2696.9402,37.6423,5.4543,1.7318,58.1986,9.6478,0,0,57.8139,1.3029,199.7163,6.2472,602.9581,3.0441
583,ucsb mining,211.52,0,29.65,28.48,28.88,"Fri Jan 20, 2023 - 21:20:52",User,2,ppm,,,,SdAR_L2,Mining,0,3.2822,73181.9688,539.4435,7.5942,3.2596,4.566,3.5442,680.4998,35.3872,524657.125,3155.7322,0,2.2609,5546.6646,103.6649,0,3.2406,0,25.4267,0,56.4051,84.7312,5.8989,57.835,4.8228,19709.4277,119.6444,0,0,0,3.5881,36182.0352,217.121,4970.3115,837.7794,601.4921,36.7868,6.6409,1.344,58.4705,1.2186,20.6596,5.9882,468.7009,63.9067,190.5792,3.6221,0,1.8872,126.8389,1.939,0,0,710.7396,22.1126,10.1686,4.2203,0,1.3874,328899.125,386.683,16.6468,3.5542,143.0311,1.2166,0,0,18.3969,1.5728,2712.5166,37.9448,5.3539,1.8085,57.5328,9.7221,0,0,58.2506,1.3622,200.2263,6.5257,611.8552,3.1894
588,ucsb mining,211.19,0,28.81,28.76,29.82,"Fri Jan 20, 2023 - 21:48:08",User,2,ppm,,,,SdAR_L2,Mining,0,2.6478,76975.8125,552.9813,8.3329,3.2408,0,5.1809,667.1448,34.5736,514339.4375,3242.2324,0,2.1903,5688.2046,103.2226,0,3.1997,0,25.8952,0,73.8455,81.2566,5.8077,55.0195,4.7774,19380.5137,119.4722,0,0,0,3.3335,36307.9219,215.9816,6480.5752,866.3236,552.0413,35.8217,3.5306,1.3273,59.1752,1.223,21.2391,6.1239,542.4927,65.4162,185.4468,3.5917,0,1.8263,128.6135,1.9513,0,0,800.973,22.6663,10.5879,4.1365,0,1.3764,333771.4062,389.5768,17.345,3.4829,144.1696,1.2253,0,0,19.1376,1.5616,2833.4504,38.2142,4.3082,1.7857,43.9819,9.6494,15.0319,7.1224,56.9117,1.359,195.572,6.5183,610.3946,3.1988
593,ucsb mining,210.56,0,29.01,29.14,28.46,"Fri Jan 20, 2023 - 22:09:14",User,2,ppm,,,,SdAR_L2,Mining,2.7948,1.4499,77424.1562,550.1476,6.0107,3.1526,0,4.9033,681.4208,35.1872,514424.9688,3169.3818,0,2.2071,5508.0142,102.0829,0,3.2605,0,25.9966,0,54.8424,79.0858,5.7563,60.2193,4.7676,19427.4219,116.7486,0,0,0,3.7205,35384.7031,212.32,6507.4873,860.2062,599.8848,35.9371,5.954,1.3119,58.4831,1.1912,25.1802,5.9327,580.8762,66.2366,187.4404,3.5226,0,1.8473,126.3304,1.8961,0,0,788.8791,22.6278,14.3427,4.2146,0,1.2919,334164.8125,385.399,20.5518,3.5448,141.9932,1.1877,0,0,18.5474,1.5385,2838.9866,38.1717,5.9537,1.777,54.9507,9.7209,0,0,56.0607,1.3197,191.6301,6.2807,612.8387,3.1285
618,ucsb mining,211.82,0,29.53,29.41,28.94,"Fri Jan 20, 2023 - 23:52:26",User,2,ppm,,,,SdAR_L2,Mining,3.0004,1.4887,76310.0625,554.3232,6.4486,3.1396,0,4.8642,666.7352,35.8914,520484.4688,3110.0874,0,2.1717,5449.9106,104.2712,0,3.3288,0,28.6445,0,54.3627,81.053,5.8708,55.5839,4.6083,19719.2031,115.6529,0,0,0,3.1285,35176.1797,214.813,6438.0688,869.5421,608.2487,35.6375,4.7455,1.2823,58.6538,1.1786,23.0796,5.8006,633.0598,67.4106,190.7488,3.5064,0,1.8945,124.2812,1.8592,0,0,787.2438,22.9736,9.1501,4.2883,0,1.5712,329498.375,387.1463,16.7218,3.6135,140.188,1.164,0,0,21.523,1.5511,2578.5588,38.0695,6.7556,1.7673,49.584,9.588,0,0,58.0454,1.311,199.6536,6.2884,600.7042,3.056
669,ucsb mining,210.84,0,29.27,29.3,29.56,"Sat Jan 28, 2023 - 15:53:47",User,2,ppm,,,,SdAR_L2,Mining,0,2.5456,75641.2812,549.5173,6.4151,3.3673,0,5.0334,672.7024,35.1239,521885.7188,3290.0867,0,2.9713,5391.062,104.8315,0,3.2392,0,26.6265,0,58.616,85.0896,5.9105,52.7979,4.8909,19814.0664,124.6192,0,0,0,4.8239,35412.5938,217.2047,5436.5234,848.0657,557.1385,37.3276,5.2115,1.364,60.3388,1.2703,18.9737,6.1618,620.6011,67.8497,189.835,3.757,0,1.8575,126.58,2.0048,0,0,753.2816,22.6819,8.1443,4.1827,0,1.3512,329394.0625,391.6797,17.5237,3.5353,142.2546,1.2604,0,0,18.6182,1.6475,2799.6638,38.1767,4.0821,1.8391,61.0238,9.8534,0,15.0892,54.1203,1.387,194.2753,6.7265,576.0052,3.2221
674,ucsb mining,210.25,0,29.86,29.59,29.65,"Sat Jan 28, 2023 - 16:14:25",User,2,ppm,,,,SdAR_L2,Mining,2.3327,1.4288,77194.1641,566.6743,5.3473,3.2234,0,5.083,672.21,34.7338,515528.9375,3252.0757,0,3.1225,5157.9941,101.7009,0,3.2303,0,26.5817,0,56.1558,79.3909,5.718,48.2821,4.6185,19870.8496,120.0798,0,0,0,3.9127,35082.8516,211.1204,7107.9971,894.1925,567.7932,36.054,5.0441,1.3084,61.6309,1.2323,31.4452,6.1339,701.1367,68.8399,189.1405,3.6105,0,1.8534,125.4113,1.9296,0,0,682.7404,22.7443,10.0283,4.1506,0,1.3356,332979.8438,393.5603,15.6181,3.487,142.5235,1.214,0,0,18.3438,1.5843,2837.6328,37.838,5.9919,1.8142,53.7324,9.6341,0,0,54.9412,1.3378,199.5963,6.5049,567.0392,3.0808
678,ucsb mining,211.52,0,29.49,29.4,29.18,"Sat Jan 28, 2023 - 16:30:30",User,2,ppm,,,,SdAR_L2,Mining,1.9117,1.4625,77208.8203,561.2551,7.3494,3.2873,0,5.147,662.1844,35.6283,513751.4375,3340.062,0,2.5075,5096.5054,103.5983,0,3.3017,0,27.3163,0,56.9918,78.0856,5.8745,60.1123,4.9579,19544.0176,121.4851,0,0,0,3.6132,34980.9648,214.9728,8022.4014,899.4597,577.171,36.9278,5.6076,1.3485,60.1692,1.2436,20.8191,6.0527,742.2919,69.4414,186.5425,3.6569,0,1.8484,126.4949,1.9691,0,0,759.8461,23.0151,9.3599,4.2638,0,1.4174,334283.0938,392.0307,13.0957,3.5728,142.4594,1.2361,0,0,19.2745,1.613,2719.2358,38.6778,5.2521,1.8316,58.7592,9.8352,15.1402,7.2344,52.2612,1.3475,198.1926,6.6483,591.149,3.1976
683,ucsb mining,210.48,0,29.46,29.54,28.73,"Sat Jan 28, 2023 - 16:50:39",User,2,ppm,,,,SdAR_L2,Mining,1.9878,1.4701,77106.4922,563.5416,5.1736,3.3288,0,5.2654,667.0041,35.8348,516625.375,3346.0051,0,2.3212,5046.9438,101.0586,0,3.322,0,27.6723,0,57.598,73.989,5.6509,58.5087,4.9686,19633.707,122.8293,0,0,0,4.5937,34591.8906,208.1709,7614.1333,897.0789,596.5876,37.743,4.7904,1.3648,60.8132,1.2673,23.3226,6.1352,744.8024,69.9615,191.1036,3.7333,0,1.8857,124.3677,1.987,0,0,759.8342,23.1763,9.7049,4.2836,0,1.8593,332416.6562,391.9023,17.3997,3.6092,141.6725,1.2449,0,0,19.8692,1.6337,2553.5151,37.0175,8.4502,1.9296,54.7553,9.3559,0,0,56.2026,1.3842,194.5058,6.6308,596.4506,3.2409
734,ucsb mining,210.74,0,29.36,28.74,29.24,"Wed Feb 1, 2023 - 08:41:50",User,2,ppm,,,,SdAR_L2,Mining,2.1501,1.4841,72006.7812,539.1627,4.2415,3.2432,0,5.0761,672.9437,36.1725,534216.6875,3140.6533,0,2.2692,5486.7402,105.1282,0,3.327,0,26.6597,0,70.2864,85.4472,5.9328,56.7916,4.839,19515.4102,120.2626,0,0,0,3.4194,35415.3359,216.9975,6646.582,871.6182,598.5876,37.1619,5.3123,1.3459,59.7338,1.2363,21.3589,6.1306,585.5453,65.6793,189.7388,3.6488,0,1.9267,127.4407,1.9621,0,0,788.1714,22.7807,11.3361,4.3253,0,1.3625,319757,387.1205,19.0725,3.6457,141.5663,1.2205,0,0,19.6866,1.5993,2641.1401,38.1963,6.7335,1.8513,57.3094,9.7423,0,0,56.959,1.3661,198.3661,6.5511,605.8448,3.2008
739,ucsb mining,210,0,29.83,29.53,29.92,"Wed Feb 1, 2023 - 09:02:00",User,2,ppm,,,,SdAR_L2,Mining,0,3.3236,75302.6719,556.3927,6.8294,3.3486,0,5.1264,649.3053,35.121,525489.875,3282.3433,0,2.3,5476.9053,102.7378,0,3.2597,0,27.4909,0,57.994,84.8632,5.7632,55.6799,4.9521,19596.8027,123.8345,0,0,0,4.8649,35458.4727,211.9891,6450.7524,877.9756,569.9529,37.4265,4.9109,1.3667,62.5866,1.2829,25.6418,6.2567,632.2722,67.8586,187.4393,3.7336,0,1.8367,126.9085,2.0074,0,0,851.0598,23.4716,9.4761,4.2112,0,1.4235,325237.3438,392.1288,13.9269,3.5347,142.2069,1.2575,0,0,21.3053,1.6521,2651.8645,37.1539,5.2613,1.8679,51.482,9.4336,0,12.5205,54.3424,1.3859,194.377,6.7131,585.4768,3.2407
744,ucsb mining,210.88,0,29.78,29.25,28.7,"Wed Feb 1, 2023 - 09:21:55",User,2,ppm,,,,SdAR_L2,Mining,0,3.2568,74842.7109,549.4964,7.4397,3.2878,0,4.927,669.1064,35.4728,526252.625,3226.8896,0,2.9419,5306.8525,105.7817,0,3.2936,0,27.147,0,57.5801,73.7632,5.8937,54.6386,4.8498,19996.0215,122.6377,0,0,0,3.3316,34715.9609,216.805,7285.3208,883.618,578.676,36.9375,6.4431,1.3523,60.3974,1.2503,29.3106,6.2908,681.4812,67.7876,186.513,3.6549,0,1.8632,124.2279,1.9609,0,0,785.9735,23.0471,8.5038,4.2293,0,1.3656,324486.7812,389.667,15.7769,3.5641,141.2694,1.2317,0,0,18.1953,1.606,2775.0432,39.7509,7.0047,1.8699,51.4689,9.9907,15.1143,7.2187,54.9775,1.3618,185.2649,6.4846,583.1647,3.1778