Reading No,Reading Type,Duration,Main,Low,High,Light,Time,User,Sigma Value,Units,Heat,Lot,Note,Sample Depth,Mode,Pass/Fail,Pass/Fail Criteria,Ag,Ag 2-Sigma,Al,Al 2-Sigma,As,As 2-Sigma,Au,Au 2-Sigma,Ba,Ba 2-Sigma,Bal,Bal 2-Sigma,Bi,Bi 2-Sigma,Ca,Ca 2-Sigma,Cd,Cd 2-Sigma,Cl,Cl 2-Sigma,Co,Co 2-Sigma,Cr,Cr 2-Sigma,Cu,Cu 2-Sigma,Fe,Fe 2-Sigma,Hf,Hf 2-Sigma,Hg,Hg 2-Sigma,K,K 2-Sigma,Mg,Mg 2-Sigma,Mn,Mn 2-Sigma,Mo,Mo 2-Sigma,Nb,Nb 2-Sigma,Ni,Ni 2-Sigma,P,P 2-Sigma,Pb,Pb 2-Sigma,Pd,Pd 2-Sigma,Rb,Rb 2-Sigma,Re,Re 2-Sigma,S,S 2-Sigma,Sb,Sb 2-Sigma,Se,Se 2-Sigma,Si,Si 2-Sigma,Sn,Sn 2-Sigma,Sr,Sr 2-Sigma,Ta,Ta 2-Sigma,Th,Th 2-Sigma,Ti,Ti 2-Sigma,U,U 2-Sigma,V,V 2-Sigma,W,W 2-Sigma,Y,Y 2-Sigma,Zn,Zn 2-Sigma,Zr,Zr 2-Sigma,Hadj,TOC_MA
11,Mining,210.32,28.92,29.29,29.63,115.11,"Wed Sep 8, 2021 - 15:13:34",User,2,ppm,,,,EA2001-0.0,Mining,,0,0,2.4095,14698.7607,303.7351,2.4294,1.3631,0,5.4422,316.7053,33.4837,646313.313,1408.6747,0,2.0333,207298.438,366.3534,3.3286,2.5328,6077.5225,37.3806,0,41.5031,107.6889,6.738,26.4704,4.8819,8960.0322,92.4445,0,0,0,3.1844,7867.8184,111.6958,2043.9371,989.2047,25.1981,22.465,0,1.7116,0,1.3626,112.8891,8.4774,8667.4043,177.7701,5.9718,1.4571,0,2.1478,27.226,1.5452,0,0,20436.5664,74.1338,0,7.6977,5.5448,1.0989,74569.5391,219.6983,17.1306,3.9885,974.0791,3.0018,0,0,0,2.0529,1099.4056,28.6616,9.6155,2.261,167.1208,9.8702,0,11.2933,18.3017,0.9579,120.6276,6.0979,27.0051,1.9515,173,0.03
68,Mining,211.32,29.6,29.32,29.91,116.14,"Tue Sep 7, 2021 - 14:01:07",User,2,ppm,,,,EA2001-0.6a,Mining,,0.6,0,2.9558,13792.6719,279.67,2.2889,1.2756,0,5.5069,244.4329,30.8126,658220.75,1329.8661,0,1.8642,176859.6719,343.1012,6.6771,2.3945,10741.543,46.3728,0,37.6762,133.1512,6.5876,32.3429,4.7772,7867.833,83.6187,0,0,0,3.1482,6559.0806,100.9512,2511.637,940.2809,0,40.4048,0,1.9123,0,1.2929,103.6706,7.9208,8452.9873,174.4885,4.8042,1.3733,0,2.3951,24.2562,1.4846,0,0,19099.9336,71.5164,0,6.4826,6.0749,1.0877,93032.0859,237.2381,7.3711,3.6671,959.9452,2.8526,0,0,3.5022,1.1136,911.6043,25.5921,16.0045,2.2378,199.6514,9.442,0,11.0114,12.3097,0.863,171.0378,6.4865,22.543,1.84,173.6,0.045
69,Mining,210.68,29.58,29.34,28.96,116.04,"Tue Sep 7, 2021 - 14:07:38",User,2,ppm,,,,EA2001-2.8a,Mining,,2.8,2.6961,1.6615,7428.1079,257.1387,2.2831,1.1592,0,5.2983,309.6113,33.7001,634450.125,1551.0514,0,1.9591,241238.2656,389.8493,4.4248,2.5656,11327.8096,48.0701,0,27.6384,54.4387,6.2838,9.101,4.3096,3649.3047,60.7911,0,0,0,2.8082,3868.6733,85.6893,11990.8477,1226.1272,43.0427,22.3765,0,1.6302,0,1.2652,56.0124,6.9674,8398.582,176.7948,0,1.8421,0,2.9316,11.2553,1.3424,0,0,12327.5459,59.5942,0,7.0305,1.9893,0.9467,63214.7773,205.4216,8.8365,3.9775,1010.657,3.0199,0,0,0,2.4446,358.7487,23.9175,10.8177,2.2585,129.2829,8.3549,0,0,2.8552,0.7731,78.6689,5.3521,11.2675,1.8833,175.8,0.065
97,Mining,210.11,29.64,29.12,29.1,117.17,"Tue Sep 7, 2021 - 16:55:26",User,2,ppm,,,,EA2001-3.2,Mining,,3.2,2.3606,1.4181,13180.0732,255.2382,0,2.5029,0,4.8821,177.7025,28.1786,650455.0625,1262.301,0,1.7222,114211.7656,297.0183,6.0085,2.2173,12388.5225,48.7919,0,34.6829,104.4974,5.8929,30.6278,4.5272,7468.1133,78.5996,0,0,0,2.5359,5641.4531,94.4609,1972.8129,817.9786,0,28.1102,0,1.5091,0,1.1959,114.715,7.6737,12345.6367,206.042,4.9258,1.2602,0,2.2529,20.741,1.3355,0,0,13493.8564,61.5186,0,9.2577,4.1842,0.9293,166491.3125,292.1408,6.1784,3.3896,748.3215,2.4171,0,0,2.0806,1.0022,844.2165,23.7574,16.0167,1.997,136.7934,8.0355,0,0,10.0795,0.7875,100.6372,5.2432,21.1724,1.5974,176.2,0.07
78,Mining,210.06,29.1,29.07,28.84,116.41,"Tue Sep 7, 2021 - 15:13:42",User,2,ppm,,,,EA2001-3.7a,Mining,,3.7,3.0275,1.4035,14050.1416,246.1559,2.8376,1.2178,0,5.2519,159.273,27.6671,692152.3125,1157.8368,0,1.7038,120428.1484,295.4541,8.5672,2.2068,10243.0674,43.5541,0,35.652,146.1269,6.2027,44.645,4.7679,7887.5547,79.451,0,0,0,2.7893,6789.5425,99.3577,2272.1404,794.5161,0,28.4807,6.9118,1.077,0,1.1834,126.1934,7.8766,5317.4438,136.5075,4.6623,1.3003,0,1.8028,29.7865,1.4136,0,0,22018.6738,72.7407,0,8.4415,10.6881,1.1235,116183.1094,248.4995,5.2019,3.3344,698.0676,2.3047,0,0,1.4828,0.9821,948.1221,23.3005,16.6783,1.958,243.7012,9.2739,0,10.1032,13.1531,0.8204,170.2782,6.0933,18.3648,1.5272,176.7,0.073
79,Mining,210.52,29.26,29.42,29.8,115.96,"Tue Sep 7, 2021 - 15:21:33",User,2,ppm,,,,EA2001-3.7b,Mining,,3.7,2.0272,1.413,14450.1826,249.5381,4.9824,1.2145,0,5.3514,147.3736,28.0973,688413.0625,1187.5685,0,1.7699,120121.1641,293.5312,11.1249,2.2705,11051.6621,45.0184,0,36.6064,145.8255,6.1567,49.6912,4.9573,8071.7544,81.8948,0,0,0,2.5058,6877.835,99.2541,3087.103,813.0126,0,28.687,6.9071,1.0998,0,1.2137,112.818,7.7608,5706.3652,140.528,0,1.8784,0,1.8691,29.2999,1.4431,0,0,22229.2676,73.1515,0,6.0551,12.7733,1.1648,117355.6719,249.2852,0,6.79,697.8172,2.3511,0,0,3.0276,1.038,964.623,23.4461,17.7826,2.0079,240.9864,9.2161,0,0,13.1171,0.8332,157.8948,6.0447,17.9656,1.5574,176.7,0.073
66,Mining,210.49,29.03,29.87,29.18,115.85,"Tue Sep 7, 2021 - 13:49:54",User,2,ppm,,,,EA2001-3.9a,Mining,,3.9,2.1898,1.5057,13113.0186,274.5323,3.1838,1.26,0,5.5237,471.1261,31.6608,672741,1396.4508,0,1.7932,173241.1406,336.942,10.4025,2.399,16465.8574,55.5351,0,32.644,146.8725,6.6182,60.7072,5.3028,5967.6074,72.8949,0,0,0,2.5818,6196.9561,96.7771,10729.9922,1079.5908,0,31.6163,0,1.5889,0,1.2365,119.866,8.0058,6284.501,150.5836,4.0295,1.3235,0,1.9628,27.4596,1.4333,0,0,21236.3926,73.7848,0,6.4505,8.0673,1.0912,71250.6641,209.8688,8.9974,3.6366,695.5145,2.4007,0,0,3.459,1.069,741.7191,26.0888,14.3199,2.0045,218.8093,9.4948,0,0,8.0413,0.8114,182.562,6.5046,24.6508,1.624,176.9,0.075
67,Mining,211.49,29.72,29.46,29.2,117.54,"Tue Sep 7, 2021 - 13:54:03",User,2,ppm,,,,EA2001-3.9b,Mining,,3.9,0,2.4417,13104.2549,271.3701,2.8289,1.2467,0,5.2844,482.2398,31.9033,671263,1376.1998,0,1.7447,173712.7188,343.8841,8.0738,2.3898,17382.1543,56.551,0,32.5155,144.8832,6.7783,56.0049,5.2173,5882.9004,72.5331,0,0,0,2.5495,6164.7544,98.5513,9132.1182,1049.3846,0,46.1026,0,1.5911,0,1.2378,118.092,7.9858,6398.0811,150.3815,3.8359,1.3232,0,2.2022,27.0909,1.4181,0,0,21836.4355,74.2073,0,6.5033,8.481,1.087,72384.3125,209.5126,8.067,3.654,696.1043,2.405,0,0,3.8702,1.0586,731.3143,27.3256,12.5278,1.9812,216.5482,9.7282,0,0,9.3062,0.8221,183.4488,6.5237,26.5112,1.6357,176.9,0.075
30,Mining,211.32,29.86,29.74,29.84,116.18,"Wed Sep 8, 2021 - 17:02:13",User,2,ppm,,,,EA2001-4.5,Mining,,4.5,2.8863,1.7371,12342.8047,324.8966,2.8542,1.3966,0,5.8399,508.899,36.2075,595727.563,1673.839,0,2.3069,264889.875,409.8096,0,5.1716,12465.2383,51.9619,0,33.579,132.6268,7.7573,32.4511,5.1797,5250.4204,74.8037,0,0,0,3.5637,6380.498,107.8058,3129.3279,1214.0959,0,32.4237,0,1.8571,0,1.4422,86.4029,8.0805,27734.5996,309.9886,4.2089,1.4824,0,2.264,21.6016,1.752,0,0,13100.8594,66.3574,0,7.3643,3.459,1.1022,55635.0898,199.1318,19.5557,4.2,1421.1497,3.7387,0,0,0,2.2756,662.9687,29.2118,28.0691,2.8605,242.1714,11.3214,0,12.174,21.1891,1.0217,124.8747,6.4179,28.3433,2.3426,177.5,0.075
84,Mining,210.67,29.66,29.24,29.57,115.23,"Tue Sep 7, 2021 - 15:52:36",User,2,ppm,,,,EA2001-5.1a,Mining,,5.1,2.2319,1.3758,14323.5098,255.7723,3.0719,1.0688,0,4.8837,130.7346,27.1403,659764.375,1199.9304,0,1.6682,120019.4766,292.7502,8.4105,2.1788,6472.0898,36.7687,0,33.3785,111.9009,5.7518,26.9626,4.3308,6958.6729,74.6998,0,0,0,2.4133,6133.0322,94.8783,2157.8867,781.9291,0,26.8957,4.9459,1.0467,0,1.1687,92.9726,7.1554,5073.2529,136.5961,0,1.665,0,2.1553,24.6613,1.3289,0,0,14649.3018,61.9291,0,6.1299,4.7721,0.932,162254.8281,286.7224,0,6.9323,677.2908,2.2564,0,0,2.4808,0.9756,830.7993,22.2806,14.4345,1.8922,125.8358,7.5855,0,0,9.9025,0.7729,105.7942,5.203,16.3239,1.4907,178.1,0.076
63,Mining,211.42,28.92,29.96,29.91,116.16,"Tue Sep 7, 2021 - 13:35:50",User,2,ppm,,,,EA2001-6.2a,Mining,,6.2,0,3.4018,8165.6177,307.8194,3.5689,1.3647,0,6.1553,1005.6447,39.5223,543816.375,1961.5099,0,2.1897,213440.9219,380.4636,0,3.9175,12068.875,54.2755,0,33.377,58.2715,6.7433,24.1736,5.1146,4746.0049,74.0756,0,0,0,3.2606,4011.0906,90.1543,2951.0171,1359.1431,0,49.5961,0,1.9028,0,1.5617,47.2126,7.4079,93152.125,534.1832,0,2.1736,0,2.5182,9.808,1.8985,0,0,10648.9238,77.6037,0,7.4593,2.3281,1.077,102882.2578,266.5426,28.9564,4.3236,2140.3257,4.7382,0,0,3.0177,1.3169,486.3224,31.2393,39.6395,3.474,129.1785,9.4094,0,0,17.8729,1.0261,89.5554,6.084,30.883,2.8819,179.2,0.08
64,Mining,210.27,28.92,29.88,29.48,114.92,"Tue Sep 7, 2021 - 13:40:35",User,2,ppm,,,,EA2001-6.2b,Mining,,6.2,2.6803,1.7695,7999.2197,309.9644,0,3.4953,0,6.12,986.2461,39.6427,539872.6875,1981.4004,0,2.3693,217531.1406,389.1408,0,3.9,11806.0752,54.0714,0,33.1781,48.6344,6.7366,24.8764,5.1076,4573.4375,72.5116,0,0,0,3.2082,3768.5979,89.8518,3314.9812,1387.629,32.2098,23.9015,0,1.8889,0,1.534,45.0369,7.3682,95710.5938,541.8327,4.7318,1.5643,0,2.3289,11.1854,1.8879,0,0,10388.457,78.054,0,7.5,3.0099,1.0904,101006.2656,265.949,19.7393,4.3057,2140.3545,4.7171,0,0,0,2.3704,416.5528,32.1014,36.9275,3.4295,124.1562,9.4899,0,0,16.2121,1.0125,86.9508,6.0144,29.0776,2.8604,179.2,0.08
87,Mining,210.77,29.36,29.41,29.87,115.03,"Tue Sep 7, 2021 - 16:06:55",User,2,ppm,,,,EA2001-7.2,Mining,,7.2,2.2777,1.2629,6113.0615,179.7831,1.285,0.9256,0,4.4259,43.323,24.4101,683800.0625,1060.2859,0,1.541,104819.5547,260.7881,3.5224,1.9584,8045.7114,38.7739,0,21.901,74.8805,4.8552,7.3099,3.7127,2757.304,47.8992,0,0,0,2.2774,2499.6387,61.4051,1126.4731,679.7592,0,24.7772,0,1.3397,0,1.0833,71.1179,6.4135,1680.6279,84.1919,0,1.4679,0,2.5106,12.1837,1.0911,0,0,10147.5596,50.6467,0,5.3641,0,1.418,177670.1406,284.2737,0,4.7003,557.3824,1.9905,0,0,1.2417,0.8766,330.1543,16.0386,10.6933,1.6946,151.6203,6.5624,0,0,5.0873,0.6779,62.3714,4.3877,5.4567,1.2956,180.2,0.093
39,Mining,210.01,29.31,29.82,29.74,114.15,"Wed Sep 8, 2021 - 17:44:08",User,2,ppm,,,,EA2001-7.5,Mining,,7.5,0,3.7028,18241.6504,341.664,0,3.3125,0,5.96,617.3054,34.6332,615110.5,1603.363,0,1.9227,169170.672,343.007,0,3.8581,14072.583,54.726,0,41.4222,150.6696,6.879,27.969,4.9447,8620.626,91.7642,0,0,0,3.0011,8842.5996,116.439,4984.2393,1105.34,0,45.8911,0,1.7526,0,1.3693,106.9249,8.4233,28879.8984,316.937,6.5159,1.4748,0,2.1305,32.5792,1.6622,0,0,19080.4766,77.563,0,8.01,4.6693,1.0846,109588.805,262.6209,11.7137,3.9063,1030.9774,3.117,0,0,3.516,1.1697,1112.1343,30.0266,14.1061,2.3815,115.9266,8.9838,0,0,14.3134,0.9434,128.9865,6.2497,29.7428,2.0229,180.5,0.095
74,Mining,211.34,29.6,29,29.76,115.78,"Tue Sep 7, 2021 - 14:33:57",User,2,ppm,,,,EA2001-8.7a,Mining,,8.7,0,3.3958,5669.3027,247.098,1.9017,1.2093,0,5.9715,311.5764,35.2804,620342.875,1511.8381,0,2.0326,288094.8125,425.284,0,3.9391,7809.375,41.3914,0,27.3236,73.9106,6.9703,7.8335,4.5699,3013.0396,59.4017,0,0,0,2.9981,3492.9861,87.0105,3668.0054,1127.9929,160.2375,27.8089,0,1.7141,0,1.3633,45.5052,7.1709,5044.3525,141.8563,0,1.9463,0,2.2604,10.6366,1.4118,0,0,10430.7959,55.3379,0,7.3489,1.4022,1.0191,50294.6914,188.1595,21.5555,4.232,1043.8666,3.2667,0,0,0,2.8427,278.9737,25.1178,8.1304,2.3956,111.0049,8.4875,0,0,1.605,0.8133,58.7295,5.3916,2.9274,1.9979,181.7,0.1
75,Mining,211.64,29.1,29.39,29.33,117.93,"Tue Sep 7, 2021 - 14:38:56",User,2,ppm,,,,EA2001-8.7b,Mining,,8.7,0,3.3675,5954.2153,249.0606,0,1.8833,0,5.6696,326.2529,35.5013,618023.5,1508.5074,0,2.112,287987.8438,421.5354,0,3.9422,8327.2197,42.2092,0,26.4733,83.8094,7.0194,16.8867,4.7205,3038.5298,58.5399,0,0,0,3.0105,3667.0449,87.5914,4297.2607,1134.8555,132.0701,26.5464,0,1.6872,0,1.3481,40.3063,6.8679,4299.4463,131.7369,4.6147,1.4321,0,2.2828,8.6096,1.3721,0,0,10474.1816,54.9508,0,7.4199,2.34,1.0141,51811.4375,189.31,18.0437,4.2296,1046.4338,3.2135,0,0,0,1.7274,252.1277,25.3717,9.7291,2.3779,110.3564,8.4171,0,0,3.2787,0.8159,59.8841,5.3188,4.5253,1.9714,181.7,0.1
94,Mining,211.16,29.42,29.01,29.62,117.39,"Tue Sep 7, 2021 - 16:40:27",User,2,ppm,,,,EA2001-9.1,Mining,,9.1,0,2.3954,14721.4209,273.2467,0,2.7731,0,5.4816,389.1617,31.8488,691174.9375,1244.0669,0,1.9304,183287.7969,348.8108,0,4.0016,7502.7622,38.8551,0,34.5797,128.5018,6.4402,38.4086,4.9662,6479.5659,77.6023,0,0,0,3.0413,8062.7715,110.2785,1960.9521,883.9803,0,31.5322,0,1.6387,0,1.2741,102.3905,7.903,3653.8542,116.8467,5.485,1.3822,0,2.0407,27.6526,1.4789,0,0,20433.8965,71.4211,0,6.5787,4.5166,1.0535,60185.1875,193.8558,5.965,3.6979,737.272,2.5337,0,0,2.8399,1.1265,731.423,24.2859,13.3772,2.0815,132.2162,8.2571,0,10.9381,11.3641,0.8658,185.6403,6.7405,20.5363,1.6831,182.1,0.11
82,Mining,210.83,29.21,29.92,29.08,116.7,"Tue Sep 7, 2021 - 15:43:25",User,2,ppm,,,,EA2001-9.9a,Mining,,9.9,0,2.8938,17842.9141,305.7915,1.6959,1.2788,0,5.3263,423.1323,32.1,654941.6875,1402.4475,0,1.8778,137013.7656,326.5327,0,3.5248,19439.8066,61.2476,0,41.5209,125.5154,6.4499,31.28,4.8442,9122.6562,91.6037,0,0,0,3.1908,8216.0371,114.822,2492.8711,938.7267,0,31.9522,2.0541,1.154,0,1.3161,89.2057,7.89,20174.125,260.1396,4.9035,1.3843,0,2.0417,33.7088,1.6304,0,0,15834.5938,67.794,0,6.596,3.8589,1.0295,111771.6094,256.3783,0,8.9936,910.0316,2.8469,0,0,3.7989,1.1405,1229.4501,27.6752,18.4414,2.2957,104.4795,8.5784,0,10.7522,9.8076,0.8776,129.6051,6.0829,28.9482,1.8744,182.9,0.115
83,Mining,210.51,29.35,29.62,29.79,114.25,"Tue Sep 7, 2021 - 15:48:07",User,2,ppm,,,,EA2001-9.9b,Mining,,9.9,0,2.2168,17563.248,306.7972,2.2545,1.2549,0,5.306,426.4565,31.4759,654609.625,1393.7013,0,1.898,138539.375,315.6119,0,4.0723,19673.4336,61.9729,0,40.4171,128.1012,6.192,28.0107,4.665,9190.9961,89.6891,0,0,0,2.7448,8128.7456,109.7936,2404.2209,951.5173,0,35.8912,1.7295,1.1277,0,1.2894,95.0162,7.7665,21960.6328,273.0657,4.3949,1.3381,0,1.9627,31.8311,1.5848,0,0,15479.0391,68.0524,0,6.4715,5.1361,1.0141,109312.0547,255.555,9.2211,3.6451,921.5327,2.7962,0,0,2.5223,1.1117,1193.8916,26.1169,20.3423,2.2666,102.4786,8.1327,0,0,10.6629,0.8603,126.7847,5.8756,28.2198,1.8339,182.9,0.115
98,Mining,211.37,28.98,29.41,29.62,117.32,"Tue Sep 7, 2021 - 17:00:43",User,2,ppm,,,,EA2001-10.3,Mining,,10.3,0,4.1351,6991.7915,267.6385,2.5156,1.2471,0,6.0636,395.656,36.9791,618209.4375,1563.98,0,2.232,286799.1875,421.38,0,4.0593,9047.4541,44.5051,0,29.1374,72.8328,7.08,9.4378,4.6661,3509.408,63.8672,0,0,0,3.0254,4385.3828,93.6865,2316.6567,1155.6062,119.3392,26.7319,0,1.7578,0,1.4234,53.3972,7.4319,16600.4941,244.5901,0,1.9883,0,2.3409,12.1405,1.5493,0,0,10244.3467,57.7148,0,7.642,1.8727,1.0456,39312.957,169.9852,25.4825,4.4015,1329.8157,3.6997,0,0,0,2.4646,263.1174,27.113,12.9297,2.6698,183.8707,9.9784,0,0,6.284,0.882,77.8043,5.7791,16.1793,2.2839,183.3,0.105
61,Mining,210.44,29.64,29.84,29.9,114.56,"Tue Sep 7, 2021 - 13:26:51",User,2,ppm,,,,EA2001-10.3a,Mining,,10.3,0,3.2814,7038.4966,311.2509,1.5137,1.488,0,6.5779,641.1388,39.3287,551723.625,2033.9401,0,2.4434,244623.0469,393.9362,0,4.1756,6408.0137,42.6354,0,31.0183,42.4378,6.6423,21.1786,5.1359,3687.7937,66.8073,0,0,0,3.4225,4015.6667,91.1273,2855.5254,1449.2614,0,58.1547,20.7312,1.5384,0,1.6935,45.4527,7.5272,106569.7656,566.9866,6.0502,1.6474,0,2.3709,10.1672,2.0862,0,0,4464.3833,69.2509,0,7.7711,3.7054,1.1575,64795.3945,222.7392,22.1862,4.4999,2157.8584,4.8104,0,0,0,2.0533,490.9149,29.402,64.0623,3.7796,127.0183,9.3284,0,0,38.6694,1.2194,78.0224,6.0085,47.0837,2.9852,183.3,0.105
62,Mining,211,29.87,29.43,28.84,115.03,"Tue Sep 7, 2021 - 13:31:28",User,2,ppm,,,,EA2001-10.3b,Mining,,10.3,0,3.5111,7094.2598,313.1403,2.2,1.4848,0,6.5808,658.7257,40.3718,549057.6875,2044.1453,0,2.3879,245540.2969,400.0674,0,4.2576,7120.9004,44.3714,0,31.0925,45.1461,6.8503,22.3179,5.1734,3837.0383,67.9066,0,0,0,3.3908,4039.7649,92.8848,2805.8362,1455.855,0,54.0779,20.2079,1.5363,0,1.6934,53.1299,7.6821,107101.1328,567.6397,5.0976,1.6193,0,3.0779,8.6162,2.0719,0,0,4583.8174,69.4358,0,7.9815,2.8651,1.1343,64898.7305,222.6772,20.1269,4.5973,2154.0789,4.7984,0,0,0,3.3574,550.889,30.7809,64.9258,3.78,135.2484,9.7778,0,0,40.3986,1.2277,86.5233,6.1491,49.9202,2.9892,183.3,0.105
65,Mining,210.56,29.43,29.98,29.53,114.06,"Tue Sep 7, 2021 - 13:45:06",User,2,ppm,,,,EA2001-13.0,Mining,,13,0,2.6658,17144.1621,246.0217,5.1021,1.2878,0,5.0833,164.7532,26.379,752501.8125,1066.6544,0,1.7044,96252.7969,267.2356,17.6861,2.1811,17367.707,53.6746,0,38.2635,136.851,5.8745,52.682,4.9751,9117.8408,85.2617,0,0,0,2.4699,7602.5776,100.953,3272.8474,769.8109,0,29.5762,20.5066,1.1698,0,1.2136,136.9365,8.1328,3689.4224,112.5692,4.8454,1.2956,0,1.9495,42.6181,1.55,0,0,23541.6055,72.907,0,5.6859,8.7618,1.0515,66634.6875,193.3551,0,4.7406,615.9184,2.1778,0,0,3.8345,1.0376,1105.9241,23.4266,18.9552,1.9504,329.8616,9.8657,0,0,9.2736,0.8196,168.8319,6.0846,31.0526,1.5326,186,0.108
95,Mining,211.14,29.93,29.18,28.98,117.11,"Tue Sep 7, 2021 - 16:44:57",User,2,ppm,,,,EA2001-13.5,Mining,,13.5,1.7251,1.4337,10146.5547,233.2883,2.8278,1.2329,0,5.1686,362.7083,29.7716,692798.0625,1260.8231,0,1.7988,133613.3438,307.3271,10.4773,2.3016,36742.2266,80.252,0,31.7922,119.6586,6.1329,29.4381,4.6335,5790.8398,71.3202,0,0,0,2.66,6040.8145,94.6176,4805.2485,938.4849,20.9899,20.87,0,1.5695,0,1.207,150.3147,8.4531,8843.5518,172.6905,4.1106,1.2963,0,1.9125,31.0316,1.4937,0,0,12782.0205,57.9666,0,6.1643,6.0619,1.0113,85706.1172,221.2375,0,7.4084,780.2482,2.5117,0,0,3.6057,1.0773,662.6229,22.3025,17.6726,2.0866,351.0225,10.2732,0,0,6.7284,0.8002,148.3078,5.9899,21.5995,1.6563,186.5,0.102
59,Mining,211.25,29.5,28.97,29.56,115.56,"Tue Sep 7, 2021 - 13:12:11",User,2,ppm,,,,EA2001-19.4a,Mining,,19.4,2.1184,1.4671,28486.5254,352.8163,5.3234,1.4661,0,5.9573,870.9126,33.1312,652377.6875,1376.621,0,1.8627,120613.5,305.7742,14.6646,2.3783,14092.6328,51.7411,0,45.1983,303.9616,7.8097,119.2906,6.5052,12343.2754,99.5164,0,0,0,3.2982,11456.9805,127.9495,5117.7998,934.9817,55.6149,22.7167,15.7184,1.1801,0,1.2705,377.3728,11.9445,4321.6597,126.9642,9.6899,1.5536,0,1.9535,53.6701,1.72,0,0,31077.7969,87.8238,0,8.2047,19.4613,1.393,115171.7578,253.4059,6.5381,3.5421,658.4941,2.3181,0,0,4.6221,1.1326,1625.1344,30.8073,20.8381,2.0715,287.8221,11.0105,0,13.6207,9.1343,0.866,444.1252,9.1065,35.868,1.6344,192.4,0.14
60,Mining,211.43,28.95,29.35,29.7,117.28,"Tue Sep 7, 2021 - 13:18:45",User,2,ppm,,,,EA2001-19.4b,Mining,,19.4,2.456,1.4638,29179.8027,354.7679,5.9313,1.4957,0,6.1643,1439.9688,35.9533,649919,1373.7402,0,1.8544,121210.1719,310.1788,12.7126,2.3393,13954.0684,51.2888,0,45.8839,313.0295,7.9871,118.1937,6.5866,12530.7412,101.377,0,0,0,3.2377,11483.6934,129.759,3885.2239,912.5206,37.6049,22.3544,15.055,1.1883,0,1.3013,399.3462,12.3448,4965.5737,133.494,9.25,1.5751,0,2.0923,53.9096,1.7345,0,0,30668.1855,86.9697,6.8645,4.1836,20.4282,1.4348,116582.7109,253.6885,10.3273,3.5592,682.4174,2.3888,0,0,5.8188,1.1569,1669.5654,31.4915,18.3515,2.0788,294.7102,11.2767,0,13.7003,10.4241,0.8877,459.7912,9.3526,34.6825,1.6693,192.4,0.14
92,Mining,211.57,29.46,30,28.97,115.97,"Tue Sep 7, 2021 - 16:30:34",User,2,ppm,,,,EA2001-21.2,Mining,,21.2,0,3.4149,12111.0859,255.4175,2.3924,1.3012,0,5.5163,292.4671,30.7094,701299.375,1265.2399,0,1.8043,172713.7969,341.2505,4.6527,2.3467,10531.1836,44.9738,0,33.4766,148.7794,6.6385,41.3355,5.0841,5969.3735,74.8591,0,0,0,2.7582,7081.1553,103.9863,3795.7021,923.2942,39.048,22.6569,0,1.6677,0,1.3176,137.1073,8.561,10162.2451,186.2999,5.1511,1.3947,0,1.9904,26.2429,1.5776,0,0,16571.0859,65.9698,0,6.4838,6.1429,1.0666,56883.3398,189.8212,13.032,3.6563,1021.3311,2.9766,0,0,3.6497,1.1065,757.0105,24.7149,22.2398,2.3822,190.2379,9.0834,0,0,10.9317,0.8723,130.2357,6.0049,29.6813,1.9378,194.2,0.16
27,Mining,210.8,29.39,29.38,29.99,115.84,"Wed Sep 8, 2021 - 16:48:15",User,2,ppm,,,,EA2001-21.6,Mining,,21.6,4.3187,1.3637,33489.9531,358.8418,9.1917,1.4753,0,5.6101,184.1611,26.5809,662549.813,1315.1257,0,1.835,105942.953,295.6488,13.3402,2.1536,2016.1539,24.9113,0,46.1237,252.2928,7.4597,127.0212,6.312,13865.2979,102.1001,0,0,0,2.9778,13132.3516,137.5972,5132.9048,866.7849,68.0823,22.3233,18.8605,1.1658,0,1.2432,206.1537,9.3599,4972.644,132.624,7.495,1.4413,0,2.6128,61.5722,1.7173,0,0,37375.6445,94.4768,6.8116,3.8219,16.9819,1.2892,117357.484,251.4817,0,5.4016,528.6617,2.0298,0,0,5.1035,1.1174,1953.8524,31.3466,19.0797,1.9118,344.712,11.7682,0,11.5924,10.5816,0.8635,278.2505,7.357,48.4435,1.5514,194.6,0.162
104,Mining,211.59,29.11,28.96,28.61,117.79,"Tue Sep 7, 2021 - 17:29:45",User,2,ppm,,,,EA2001-22.4,Mining,,22.4,2.0138,1.5141,20185.3125,312.235,4.4675,1.3715,0,5.7215,366.3949,31.3111,670364.0625,1357.4423,0,1.9902,129378.4922,318.3617,7.1797,2.3857,8179.0786,41.3172,0,42.1581,179.6624,7,73.8128,5.6839,10148.1543,94.139,0,0,0,2.6641,9627.8643,121.4706,2226.8269,902.6874,76.7071,23.6705,2.2362,1.158,0,1.33,131.5969,8.4969,24747.5742,284.3766,5.3638,1.4201,0,2.2162,34.3831,1.6538,0,0,21862.8262,78.1859,0,9.2112,10.539,1.1759,99507.8281,242.8455,11.7517,3.6707,935.8199,2.8314,0,0,2.1207,1.1443,1447.3225,29.6299,25.3511,2.3517,238.1464,10.4885,0,0,16.7978,0.9225,157.1853,6.3296,43.3417,1.9182,195.4,0.162
8,Mining,211.4,29.01,29.93,29.6,116.31,"Wed Sep 8, 2021 - 14:59:01",User,2,ppm,,,,EA2001-23.2,Mining,,23.2,3.5583,1.301,32073.5527,322.2506,7.2869,1.4117,0,5.1363,197.2616,25.6433,675068.813,1206.3585,0,1.6647,50867.082,213.6872,20.7433,2.141,3645.6943,28.7701,0,47.5914,248.3353,6.8012,92.3719,5.5316,15937.6455,103.9853,0,0,0,2.7783,13228.4121,132.695,4175.124,752.7954,77.6256,21.6701,18.8226,1.1051,0,1.1903,206.4848,9.108,7000.7134,151.3742,10.3566,1.4199,0,2.1815,69.4864,1.6706,0,0,35931.4453,89.2548,0,5.4826,15.513,1.1944,157875.703,270.8068,0,4.5698,364.2712,1.6267,0,0,5.8832,1.0521,2161.094,29.2723,14.998,1.6683,357.4828,11.0159,0,10.8093,17.2514,0.8808,250.9579,6.7869,56.0797,1.3964,196.2,0.158
100,Mining,211.43,29.99,29.76,29.29,114.63,"Tue Sep 7, 2021 - 17:11:46",User,2,ppm,,,,EA2001-24.4,Mining,,24.4,3.7825,1.1494,48473.6953,329.3227,10.6318,1.5389,0,5.853,131.7468,22.3061,704731.75,1109.8977,0,1.6379,6904.3784,87.5795,15.4935,1.8549,7684.2974,35.5002,0,50.9756,370.6744,7.0816,141.3371,6.1012,19428.7422,110.6022,0,0,0,2.3528,12592.0186,124.7995,4968.5713,679.198,34.7312,20.4227,55.6606,1.2591,0,1.17,162.9967,8.3608,3114.7466,95.3936,13.2851,1.5465,0,2.304,79.274,1.7257,0,0,51264.1055,99.4773,5.6125,3.2401,33.6133,1.4772,136033.75,237.479,0,4.0212,139.6042,1.0086,0,0,8.5921,1.0725,2778.6501,30.155,24.6104,1.613,542.7992,11.9329,0,0,0,1.1219,185.5559,5.9095,65.3169,1.23,197.4,0.151
93,Mining,210.82,29.19,28.86,29.43,117.23,"Tue Sep 7, 2021 - 16:35:53",User,2,ppm,,,,EA2001-25.4,Mining,,25.4,1.6185,1.3403,20778.0859,277.0829,4.5697,1.3319,0,5.2587,156.3361,26.8316,693416.3125,1179.3347,0,1.735,103422.6641,282.4878,9.6435,2.1522,7692.2544,38.1083,0,38.3919,224.5281,6.8056,73.9904,5.3823,9109.5654,85.4667,0,0,0,2.9052,8742.291,110.8568,4187.9238,794.9991,81.17,22.5877,10.266,1.1073,0,1.2056,146.43,8.3255,2371.543,93.9862,7.4288,1.3746,0,1.7904,41.5513,1.5286,0,0,27217.7148,79.3411,0,5.7761,10.1464,1.1248,119884.1406,248.1986,0,6.5528,537.7515,2.0447,0,0,4.0528,1.0509,1246.8975,25.196,18.6195,1.9016,305.3254,10.1352,0,10.6531,12.8004,0.8427,254.2874,7.0936,30.2053,1.4697,198.4,0.13
26,Mining,211.3,28.99,29.41,29.57,116.58,"Wed Sep 8, 2021 - 16:44:07",User,2,ppm,,,,EA2001-26.3,Mining,,26.3,4.3107,1.3401,27278.7422,325.1927,5.7555,1.372,0,5.5548,261.5753,26.4915,649678.938,1312.72,0,1.763,74460.8359,255.0109,12.7578,2.1111,3621.9238,29.7635,0,44.9107,277.3198,7.2858,90.4517,5.6562,13425.4316,98.8164,0,0,0,2.8735,10598.041,123.2803,4541.6509,832.6531,37.5371,21.1041,13.2538,1.1128,0,1.24,244.9196,9.775,16366.1904,229.526,8.0729,1.4234,1.6321,1.192,52.1479,1.6157,0,0,32011.2539,89.3518,0,7.2038,17.568,1.2782,163861.969,284.9833,7.2692,3.139,546.5409,2.0243,0,0,4.4496,1.0659,1800.3051,29.0701,21.4365,1.9109,341.2126,11.0636,0,11.5796,31.5618,0.9714,322.7974,7.6495,52.162,1.5491,199.3,0.12
70,Mining,211.64,29.44,29.87,29.08,117.05,"Tue Sep 7, 2021 - 14:13:10",User,2,ppm,,,,EA2001-28.1a,Mining,,28.1,0,3.6175,5026.2144,253.8967,0,3.0217,0,5.7378,371.0347,37.9654,599096.75,1580.4183,0,2.2048,344596.5938,459.3265,0,4.1202,4209.2852,32.6241,0,26.3161,62.9379,7.346,5.396,4.5021,2693.6016,56.7801,0,0,0,3.1337,2831.5208,83.1666,4398.0654,1211.1555,295.1672,31.5682,0,1.7327,0,1.3596,22.8837,6.6,823.7186,74.8188,0,1.9978,0,2.3825,7.0211,1.3007,0,0,6963.7788,45.5887,0,7.8236,0,2.1568,27458.2324,143.9851,18.0536,4.4943,828.4304,2.9295,0,0,0,2.3175,79.9907,26.4793,7.2284,2.2355,160.8197,9.8505,0,0,0,1.0795,30.8313,4.9114,12.3888,1.876,201.1,0.12
71,Mining,210.48,29.75,29.8,29.48,114.98,"Tue Sep 7, 2021 - 14:18:27",User,2,ppm,,,,EA2001-28.1b,Mining,,28.1,0,3.8999,5202.2388,262.2303,0,1.8436,0,5.8441,366.7144,37.9328,594906,1613.9241,0,2.2236,347333.5312,461.9692,0,4.0823,4725.8452,34.4808,0,25.9678,63.1952,7.3869,6.8116,4.521,2643.9668,56.0081,0,0,0,3.0719,2828.2566,83.426,4905.8633,1253.0624,270.0512,30.6929,0,1.707,0,1.3303,21.1935,6.5192,974.5256,79.1575,0,2.0125,0,2.4208,8.1824,1.2857,0,0,7029.6704,46.4142,0,7.8432,1.477,1.013,27603.1465,146.3551,17.2498,4.4897,828.8481,2.9166,0,0,0,2.2893,58.4318,27.0671,4.2393,2.1771,158.019,9.8385,0,0,0,1.0968,30.8966,4.8955,10.5312,1.8576,201.1,0.12
88,Mining,210.7,29.59,29.48,29.45,115.83,"Tue Sep 7, 2021 - 16:11:36",User,2,ppm,,,,EA2001-28.8,Mining,,28.8,3.6572,1.5182,18107.8105,312.82,5.9105,1.417,0,5.6243,376.4277,30.8993,650764.4375,1431.9552,0,1.9036,155125.6406,338.2418,3.6918,2.3146,13938.3818,52.7533,0,37.8694,189.6642,7.2349,57.3263,5.3713,7990.1577,84.482,0,0,0,3.1539,9512.7949,121.0579,2890.6052,996.7484,71.2392,23.3361,5.079,1.1799,0,1.3334,156.933,8.9034,29658.7129,310.3355,5.8706,1.428,0,1.997,40.2571,1.7021,0,0,21431.6172,79.0012,0,6.3917,7.7165,1.1414,86842.8047,231.9104,6.2502,3.5902,1008.2384,2.9323,0,0,4.3856,1.1608,1238.6455,29.6989,22.0059,2.3557,246.5312,10.6532,0,11.643,22.6627,0.977,206.9707,6.95,57.4789,2.0208,201.8,0.118